feature_group,test_week,perturbation_type,strength,n_trials,n_masked_features,flip_rate_mean,flip_rate_std,flip_rate_min,flip_rate_max,benign_to_malware_rate_mean,benign_to_malware_rate_std,benign_to_malware_rate_min,benign_to_malware_rate_max,malware_to_benign_rate_mean,malware_to_benign_rate_std,malware_to_benign_rate_min,malware_to_benign_rate_max,mean_abs_probability_shift_mean,mean_abs_probability_shift_std,mean_abs_probability_shift_min,mean_abs_probability_shift_max,mean_signed_probability_shift_mean,mean_signed_probability_shift_std,mean_signed_probability_shift_min,mean_signed_probability_shift_max,mean_margin_shift_mean,mean_margin_shift_std,mean_margin_shift_min,mean_margin_shift_max
header,2024-09-22_2024-09-28,baseline,0.0,5,0,0.0,0.0,0.0,0.0,0.0,0.0,0.0,0.0,0.0,0.0,0.0,0.0,0.0,0.0,0.0,0.0,0.0,0.0,0.0,0.0,0.0,0.0,0.0,0.0
header,2024-09-22_2024-09-28,important,0.01,5,1,0.02852,0.002357191125046928,0.025075,0.03225,0.02114,0.002132756432413228,0.018375,0.02465,2e-05,2.4494897427831785e-05,0.0,5e-05,0.04448656450423563,0.0047184816449176254,0.040205612813899685,0.052744468970481684,0.04445961175197381,0.004724080275974125,0.04018965538166683,0.052719445169050506,-0.03195143835380444,0.004301736626728561,-0.040191458858145936,-0.028143746668352797
header,2024-09-22_2024-09-28,important,0.05,5,4,0.20803000000000002,0.04569834625016534,0.118375,0.241825,0.167225,0.050325937646505906,0.0677,0.2034,0.005375,0.007700357134574993,0.00025,0.020475,0.22033589934969616,0.03496250971151042,0.15691866460008913,0.24875907891841711,0.200789384519409,0.055210142956435934,0.09592602220057504,0.24547123369763305,-0.08622269547446865,0.01688429055319365,-0.11037570983210726,-0.06241135541022109
header,2024-09-22_2024-09-28,important,0.1,5,8,0.204675,0.06191180824366221,0.1369,0.29305,0.13911500000000002,0.08038322524009596,0.0481,0.250075,0.034485,0.02753291938752591,0.00115,0.0659,0.2740456875946186,0.044053762197186604,0.22285550345528568,0.3438933603830719,0.12961929654501247,0.11158797424637643,-0.006779432974963369,0.27742268218563493,-0.15802244017243275,0.04002893831209835,-0.20953164905176785,-0.10803231465669719
header,2024-09-22_2024-09-28,random,0.01,100,1,0.009137,0.021336677189759422,0.0,0.11895,0.00385,0.013518528026379203,0.0,0.0866,0.00239625,0.00819245565673077,0.0,0.053975,0.009642288473835086,0.021261660723272898,0.0,0.11128135010191349,0.002138241120071831,0.02258844965661074,-0.06773353060434974,0.1111409197988356,-0.0019346898273991367,0.004352512987247368,-0.022349042691531675,0.0002342489283375557
header,2024-09-22_2024-09-28,random,0.05,100,4,0.041733,0.03995263334249696,0.0,0.193025,0.020186500000000007,0.029799172685663605,0.0,0.153475,0.009218500000000001,0.018627503395517067,0.0,0.100225,0.04265216105531109,0.03917162801322951,2.7362598853018427e-05,0.17183943112920227,0.018015784886485503,0.051797836699770276,-0.1010139006104195,0.171690275576515,-0.007966552619511142,0.010222319641334894,-0.05275871221715729,0.014667198374335683
header,2024-09-22_2024-09-28,random,0.1,100,8,0.0714535,0.04086483421292689,0.00525,0.194525,0.0371405,0.036305271273604334,0.0,0.15545,0.015144000000000001,0.026302741092897524,0.0,0.137725,0.0729428778679902,0.03795516187750608,0.006864712076976566,0.1898436774110368,0.03251660138724305,0.06538907437894646,-0.15102305179334868,0.1859162868748985,-0.017374262457070005,0.013829222560593551,-0.05993788835732545,0.00751917080512291
header,2024-09-29_2024-10-05,baseline,0.0,5,0,0.0,0.0,0.0,0.0,0.0,0.0,0.0,0.0,0.0,0.0,0.0,0.0,0.0,0.0,0.0,0.0,0.0,0.0,0.0,0.0,0.0,0.0,0.0,0.0
header,2024-09-29_2024-10-05,important,0.01,5,1,0.029605,0.0025160186803758035,0.02685,0.033725,0.02462,0.002258838196949927,0.0223,0.02865,0.0,0.0,0.0,0.0,0.0426438535615066,0.004010784163215634,0.037674079728886374,0.04872813979928053,0.0426213507597991,0.004018904286179984,0.037623677675688444,0.048713903408476415,-0.030513523646636502,0.0035005132117491406,-0.03663475180681034,-0.026723702653306737
header,2024-09-29_2024-10-05,important,0.05,5,4,0.21125500000000003,0.0465774607508825,0.1207,0.246475,0.173115,0.04895052757631934,0.0773,0.209675,0.004285,0.006403409248205209,0.00025,0.016875,0.21494090327915974,0.034958826769414794,0.15222886556893564,0.24739101565984875,0.19682601919875503,0.052543303957337945,0.0968372431170668,0.23726700776226398,-0.08230891033040379,0.017594462952258024,-0.10311089398641483,-0.05842356166100844
header,2024-09-29_2024-10-05,important,0.1,5,8,0.21336,0.0626039807041054,0.14225,0.29865,0.14930000000000002,0.08060548523518732,0.0546,0.255375,0.033555,0.02629395082523735,0.001,0.066325,0.2747553788096991,0.041963809303457306,0.22494955584379872,0.34015509180546516,0.1214874293231468,0.1064732064725569,-0.011361501142283209,0.2606689734677572,-0.1568549559264984,0.040800020041271784,-0.20587903641700586,-0.1072276718524723
header,2024-09-29_2024-10-05,random,0.01,100,1,0.01232375,0.023264028126863588,0.0,0.09305,0.005581249999999999,0.014223219737018055,0.0,0.065375,0.0023524999999999996,0.007739288969278768,0.0,0.068175,0.012807952501689496,0.023805396887958876,0.0,0.0940129116487636,0.00567231322243131,0.02548661465500831,-0.0716079410235603,0.09396797540578544,-0.001899407298411612,0.0035343328906626186,-0.01598017637540284,0.0015169373801588993
header,2024-09-29_2024-10-05,random,0.05,100,4,0.0396515,0.03379070615938649,5e-05,0.148175,0.017409749999999998,0.024466091559288743,0.0,0.11415,0.0101,0.018254833948847634,0.0,0.11145,0.04071862202629779,0.03136389659015461,6.503556407684394e-05,0.13092481175819934,0.012787330504600583,0.044899201494348014,-0.11141597117369874,0.13072913458150437,-0.010031470548747583,0.009333842230849846,-0.04336156469677851,0.0015873642465355983
header,2024-09-29_2024-10-05,random,0.1,100,8,0.07592425,0.05522656612254197,0.001975,0.281825,0.046101,0.05028074655372571,7.5e-05,0.24285,0.009873999999999999,0.015692240885227325,0.0,0.088425,0.07590631150446991,0.0501901686168859,0.002477358372530594,0.2713604906578371,0.0444961139929383,0.06941028851260075,-0.09228173581107696,0.2713181246951127,-0.018144725917546498,0.02032503818820567,-0.09826241264726496,0.03117143800738461
header,2024-10-06_2024-10-12,baseline,0.0,5,0,0.0,0.0,0.0,0.0,0.0,0.0,0.0,0.0,0.0,0.0,0.0,0.0,0.0,0.0,0.0,0.0,0.0,0.0,0.0,0.0,0.0,0.0,0.0,0.0
header,2024-10-06_2024-10-12,important,0.01,5,1,0.039105,0.001939935565940271,0.036575,0.042,0.030084999999999994,0.0015828455388950619,0.0283,0.0324,1e-05,2e-05,0.0,5e-05,0.047821661101354204,0.0030726208352635925,0.04378334191183975,0.05237060955491688,0.047797167454543474,0.003083696453910316,0.04371811846840513,0.05234910384902413,-0.03142463835677507,0.0029342098752552148,-0.036336934790177806,-0.02804993358644859
header,2024-10-06_2024-10-12,important,0.05,5,4,0.24830000000000002,0.05119627183692189,0.148225,0.28515,0.198745,0.05576544270424113,0.088975,0.236175,0.006165,0.0096350350284781,0.0002,0.0252,0.2394405906039439,0.035965054954053687,0.17309436282841464,0.2706647965029218,0.21670341908824753,0.061865445621055046,0.09758922250700242,0.2646553689661168,-0.07781497041406853,0.022544520151285736,-0.11271774834590635,-0.04820290803031423
header,2024-10-06_2024-10-12,important,0.1,5,8,0.24427,0.06797286296751079,0.160925,0.338775,0.16614,0.08910078226368162,0.060125,0.288025,0.04014,0.03178244248008639,0.00105,0.0744,0.2863606860822809,0.042080450885379324,0.23593862207873154,0.3537816510163192,0.1346605711551046,0.11891332259348492,-0.010073109373857846,0.29163143692154264,-0.15045996649485072,0.053419179504423535,-0.2056319622668697,-0.08469295182184935
header,2024-10-06_2024-10-12,random,0.01,100,1,0.016674500000000002,0.02825124377350491,0.0,0.10385,0.00814475,0.01788711103525385,0.0,0.068825,0.0026897499999999994,0.008204132415283167,0.0,0.050025,0.01707300696254451,0.02762336504116759,0.0,0.10427268223366805,0.008983146946361297,0.030142743791389877,-0.060267978158857816,0.10409629257052147,-0.0031556317451474046,0.006155771799437086,-0.036336934790177806,0.0019085745194342752
header,2024-10-06_2024-10-12,random,0.05,100,4,0.049547999999999995,0.042422143639849225,0.00015,0.165575,0.024331000000000002,0.030645000636319128,0.0,0.122375,0.009580749999999997,0.018980048687700986,0.0,0.1123,0.05120343840837044,0.04119244721222903,0.00044237511514428284,0.1573566205558877,0.023576059106074982,0.05558563923380704,-0.13104649255998965,0.15648903866982836,-0.008728308237580178,0.009732436388419701,-0.05049287138374804,0.0098174392755735
header,2024-10-06_2024-10-12,random,0.1,100,8,0.08807800000000002,0.06362122535758015,0.0004,0.284975,0.04859675000000001,0.05749753664886435,0.0,0.2354,0.0162795,0.026821469101262888,0.0,0.1536,0.08895845673387744,0.05771949365876974,0.0007991391069009169,0.2690094935953503,0.042286997509506374,0.08845139956271082,-0.1710454613750181,0.26810665648193854,-0.016649005429086376,0.01659422461815615,-0.07037978796830116,0.026401822137939616
header,2024-10-13_2024-10-19,baseline,0.0,5,0,0.0,0.0,0.0,0.0,0.0,0.0,0.0,0.0,0.0,0.0,0.0,0.0,0.0,0.0,0.0,0.0,0.0,0.0,0.0,0.0,0.0,0.0,0.0,0.0
header,2024-10-13_2024-10-19,important,0.01,5,1,0.042690000000000006,0.002568053737755501,0.04045,0.047575,0.036835,0.002468633225086301,0.034825,0.04155,5e-05,8.803408430829505e-05,0.0,0.000225,0.053399398779204674,0.0030448259908311217,0.04908831499111042,0.056280113137907935,0.05334339118689332,0.0030833972094528304,0.04892591530134232,0.056246910283947626,-0.03658057141302559,0.002657250050980004,-0.04057649839347715,-0.03356317257769465
header,2024-10-13_2024-10-19,important,0.05,5,4,0.26508,0.05949081735864788,0.1491,0.308,0.22565,0.06141968332708986,0.105625,0.270375,0.004115,0.005940488195426367,0.0003,0.0158,0.24206352682574162,0.03949955718683712,0.16890733856648807,0.27498343780464685,0.22466133628686052,0.05780762823332674,0.11394586997483463,0.2704984479706026,-0.07762231445123319,0.019213218789571652,-0.10897909811014495,-0.05088877091720675
header,2024-10-13_2024-10-19,important,0.1,5,8,0.250795,0.07455455955204886,0.162875,0.3573,0.18276,0.09552132824662773,0.066575,0.313875,0.036175,0.0293966111992522,0.00145,0.07285,0.29150203246267287,0.0447901856224343,0.241879420657337,0.3602185998506932,0.13174950204186006,0.11463692246126136,-0.007930781786249733,0.2826342649287653,-0.15358015327421243,0.05050031034171671,-0.21326139025640806,-0.09255776487156855
header,2024-10-13_2024-10-19,random,0.01,100,1,0.01990975,0.03054259155159398,0.0,0.1043,0.00981925,0.020840401824041205,0.0,0.07445,0.0039109999999999995,0.00996173636972993,0.0,0.0576,0.020683074173756047,0.030585042834065157,0.0,0.10123619419823426,0.008571290586227829,0.034472953057076115,-0.06769178492260726,0.10123383042915807,-0.004354727730234947,0.006979726736932427,-0.04057649839347715,0.0009186059022840089
header,2024-10-13_2024-10-19,random,0.05,100,4,0.05502624999999999,0.050760447123597126,0.0,0.252,0.031731249999999996,0.04188019316678828,0.0,0.212875,0.00822825,0.018427317918989185,0.0,0.124875,0.05637135478579137,0.04820793696213115,5.8280326496281045e-05,0.2151504114845887,0.031244640277043313,0.0624095033590276,-0.15308835855505737,0.21459344807623387,-0.01341080468154669,0.013426062365751687,-0.06612655174347007,0.0021092987353632255
header,2024-10-13_2024-10-19,random,0.1,100,8,0.08904575,0.05958035897581937,0.00875,0.318425,0.0536585,0.05745174869183706,0.0,0.28065,0.013618249999999998,0.02424914376194549,0.0,0.157325,0.08904975524434917,0.053922261161032596,0.011643963945043608,0.2837315115114237,0.04650733076411412,0.08178135778356975,-0.1842434883038029,0.2825455976951344,-0.02310050920942314,0.02120982003675693,-0.11455345995964811,-0.0007797151287337938
header,2024-10-20_2024-10-26,baseline,0.0,5,0,0.0,0.0,0.0,0.0,0.0,0.0,0.0,0.0,0.0,0.0,0.0,0.0,0.0,0.0,0.0,0.0,0.0,0.0,0.0,0.0,0.0,0.0,0.0,0.0
header,2024-10-20_2024-10-26,important,0.01,5,1,0.040365,0.003202561474819806,0.037325,0.046175,0.03314,0.003012332982922041,0.03025,0.03855,3.5e-05,5.8309518948453e-05,0.0,0.00015,0.04818458814175865,0.0030876460718052235,0.04380294732015082,0.05151068621948541,0.04808843563224614,0.0031341471158405263,0.04359736730129499,0.05142654999771304,-0.03241112813258318,0.0027841171793400597,-0.03593046042608258,-0.029706037065932445
header,2024-10-20_2024-10-26,important,0.05,5,4,0.24565,0.05834255308092027,0.133025,0.292825,0.20515499999999998,0.05997628989859242,0.088525,0.25125,0.00396,0.0056884444270819765,0.00025,0.015075,0.23142081137980677,0.03866522397913539,0.16110158563095817,0.2678419878476803,0.2118354401947972,0.058902476164511136,0.09965803363220281,0.25862712763279067,-0.07556270587672022,0.020343929776488124,-0.1066981662365415,-0.04904357353887621
header,2024-10-20_2024-10-26,important,0.1,5,8,0.23962500000000003,0.06301261778405973,0.165775,0.3259,0.16675,0.08694485752475531,0.062275,0.2822,0.040005,0.032586754978058186,0.0013,0.0793,0.285037676743376,0.03768637946325635,0.23962318562289084,0.34243911306811936,0.1192865378354067,0.11442673861565161,-0.017017076808490923,0.26907483062132803,-0.1539618415771182,0.04944429274273155,-0.20954688575875716,-0.09111701512923491
header,2024-10-20_2024-10-26,random,0.01,100,1,0.017172000000000003,0.02873470555791376,0.0,0.105525,0.008144,0.018117954879069545,0.0,0.0748,0.003233,0.010028741122394177,0.0,0.077025,0.01747929113888796,0.02804797863379109,0.0,0.10256633622792984,0.007258327470968385,0.030238709309501965,-0.08624763794702375,0.10255558588375693,-0.0029031287543675142,0.004625466933345886,-0.021224635506719828,0.0006762927361907665
header,2024-10-20_2024-10-26,random,0.05,100,4,0.051498249999999995,0.04523687257854482,0.000275,0.18845,0.029546000000000003,0.03599456065157623,2.5e-05,0.15035,0.0064540000000000005,0.013921688888206057,0.0,0.085625,0.052315609612357025,0.04297405385048481,0.00028697077717841147,0.1757875644594389,0.032027920213903084,0.05523155027297139,-0.09547712530476986,0.17578649036998842,-0.010947522325151306,0.01114653222331277,-0.06521660873608605,0.0011282288975002486
header,2024-10-20_2024-10-26,random,0.1,100,8,0.09195475,0.06675233953718401,0.001725,0.3512,0.059568249999999996,0.062191753357559394,0.0,0.309325,0.01020575,0.017045489086192276,0.0,0.079825,0.0926602166798171,0.05950013688108014,0.002519007717856675,0.3216522624241441,0.05956352894790097,0.08168735930536178,-0.09127719283798211,0.3216511903096422,-0.023604849697840855,0.01998181359249691,-0.08282607534182475,0.026705856587609936
header,2024-10-27_2024-11-02,baseline,0.0,5,0,0.0,0.0,0.0,0.0,0.0,0.0,0.0,0.0,0.0,0.0,0.0,0.0,0.0,0.0,0.0,0.0,0.0,0.0,0.0,0.0,0.0,0.0,0.0,0.0
header,2024-10-27_2024-11-02,important,0.01,5,1,0.046415000000000005,0.0034116564891559648,0.041275,0.051325,0.029474999999999994,0.0028009819706667155,0.026175,0.03395,1.5000000000000002e-05,1.9999999999999998e-05,0.0,5e-05,0.05434291441195559,0.0031389950550837187,0.04932753909013047,0.05808352491030819,0.05427142628165825,0.0031558190453696627,0.04920941985619855,0.057994732776755265,-0.03244018627342413,0.0027827830276135955,-0.035834187059234315,-0.029292462279408602
header,2024-10-27_2024-11-02,important,0.05,5,4,0.28503,0.06424847157715116,0.16035,0.339175,0.22464499999999998,0.06418622009434735,0.09905,0.274375,0.0057399999999999994,0.007759503850118253,0.0002,0.020575,0.2583467960640766,0.042186663998557625,0.18005065808543458,0.2942359695707751,0.2378561392028319,0.06372571874637807,0.11529804624747823,0.28806088422101045,-0.07532590489112323,0.021715262100174177,-0.11093314829241256,-0.0469043574588907
header,2024-10-27_2024-11-02,important,0.1,5,8,0.27534000000000003,0.07735766380908875,0.181875,0.38265,0.183735,0.10032840400405062,0.061425,0.319225,0.043925,0.03520062854552458,0.001275,0.08715,0.2932910224985508,0.04837548089562417,0.2388209349280369,0.36858776637084667,0.15115727287471592,0.12457663040440298,0.002217517862102145,0.3174683164710377,-0.13909829664889567,0.05335313171101068,-0.1944123126958593,-0.06975414086912231
header,2024-10-27_2024-11-02,random,0.01,100,1,0.011215500000000003,0.022720429072753005,0.0,0.121675,0.00442,0.012353186329850286,0.0,0.07665,0.00236725,0.008142061851122234,0.0,0.0621,0.0117047182625489,0.023271646741493845,0.0,0.11853048220719022,0.005100762844450412,0.02471532990800784,-0.06395495423696558,0.11838199465276014,-0.0018419448188370382,0.004510103427682511,-0.03042316347400627,0.0015915112528521974
header,2024-10-27_2024-11-02,random,0.05,100,4,0.05168575,0.042653141334343704,0.0,0.1575,0.02454675,0.028848606477393325,0.0,0.107525,0.008218999999999999,0.017439452801048545,0.0,0.135975,0.052022341510490094,0.042015386549834166,1.9289392002990524e-05,0.15303434966057297,0.0284134009541804,0.05567454032806997,-0.14505181597952885,0.15294812992935822,-0.010173274585791647,0.009806405642639017,-0.05418559722670195,0.004130898472595809
header,2024-10-27_2024-11-02,random,0.1,100,8,0.1008455,0.07675867209801118,0.00115,0.3993,0.05898775,0.06699344272902759,0.0,0.3373,0.012205500000000001,0.021137385889697907,0.0,0.105525,0.09918441050791975,0.07027389402739352,0.002486433280956411,0.38007158723931317,0.0636593838649441,0.09207693029232528,-0.10680493254841139,0.37943544439120375,-0.02062586790704215,0.01858760727184976,-0.09991082249906612,0.009197043282416897
header,2024-11-03_2024-11-09,baseline,0.0,5,0,0.0,0.0,0.0,0.0,0.0,0.0,0.0,0.0,0.0,0.0,0.0,0.0,0.0,0.0,0.0,0.0,0.0,0.0,0.0,0.0,0.0,0.0,0.0,0.0
header,2024-11-03_2024-11-09,important,0.01,5,1,0.038475,0.00311235441426583,0.03435,0.043175,0.025885000000000002,0.003347484129910102,0.022475,0.031775,3.0000000000000004e-05,3.9999999999999996e-05,0.0,0.0001,0.049000238943946464,0.0024272737715498953,0.04490867124060944,0.05174397025458378,0.048958243683261474,0.002456709083932207,0.04479442511239005,0.05171923411391805,-0.03242943864364261,0.0022631012572430892,-0.03598800488943219,-0.030015005461812818
header,2024-11-03_2024-11-09,important,0.05,5,4,0.26536,0.054851382389143125,0.157275,0.30425,0.21336499999999997,0.06334539170294867,0.0877,0.253275,0.008895,0.0135776507540885,0.000325,0.035675,0.2522801716374434,0.03622525008806837,0.18550635719952022,0.2809198321593607,0.21635430356730434,0.06359066214579939,0.09448451324286763,0.27071781710123527,-0.08264297313738703,0.024202813053908593,-0.12074675703206868,-0.04592090417227784
header,2024-11-03_2024-11-09,important,0.1,5,8,0.273735,0.05954764395003381,0.208,0.3581,0.176105,0.09723806147800357,0.05755,0.30675,0.06057999999999999,0.0549809271475118,0.00125,0.130275,0.2906281202693401,0.03806454027207209,0.2467074263078276,0.35262705197309324,0.13180514350561545,0.12592892371018752,-0.013546205389297754,0.2965455521587903,-0.14260842038892024,0.05316407494218711,-0.18989669188977062,-0.07605799093078669
header,2024-11-03_2024-11-09,random,0.01,100,1,0.013889,0.02834392424312484,0.0,0.14185,0.0065385,0.017954294548937308,0.0,0.102675,0.0027625000000000006,0.007680827998985526,0.0,0.06285,0.015658823423546048,0.030382654505199714,0.0,0.14050625269673933,0.0064970616890124965,0.030940962434494332,-0.07894826954461862,0.140148972123647,-0.0028660894282235526,0.006625205879587762,-0.03411837143862075,0.0019277377671038174
header,2024-11-03_2024-11-09,random,0.05,100,4,0.0474385,0.044798788686191054,0.00035,0.194375,0.024360750000000007,0.03429485953736361,0.0,0.152275,0.0090915,0.01708992620668679,0.0,0.09265,0.051766078618992205,0.04539899514504623,0.0005717040600952106,0.21568446602690233,0.02471107992164517,0.059298330987695345,-0.11672050306586769,0.21565936650384043,-0.012169379962734045,0.01290525745962386,-0.06649881951050733,0.006152604684512745
header,2024-11-03_2024-11-09,random,0.1,100,8,0.08778024999999999,0.06217942458070435,0.0024,0.307325,0.04981675,0.05386361144768795,0.0,0.257925,0.01577575,0.028461527641493525,0.0,0.1437,0.09081198977010471,0.057059147487100434,0.004248799728288245,0.2618400625362984,0.047748316113207505,0.08096824344268368,-0.1378351173137713,0.2545881405223524,-0.021051220574598503,0.018566901372582763,-0.07961565976470042,0.01066787457548697
header,2024-11-10_2024-11-16,baseline,0.0,5,0,0.0,0.0,0.0,0.0,0.0,0.0,0.0,0.0,0.0,0.0,0.0,0.0,0.0,0.0,0.0,0.0,0.0,0.0,0.0,0.0,0.0,0.0,0.0,0.0
header,2024-11-10_2024-11-16,important,0.01,5,1,0.04037500000000001,0.002181857007230308,0.0374,0.0438,0.028715,0.0016158279611394276,0.0265,0.03125,1e-05,1.2247448713915892e-05,0.0,2.5e-05,0.05014781351590172,0.0030626618064044865,0.046554110283804406,0.05416633436051013,0.05002638189916482,0.003098855466542504,0.046322303667772936,0.05407026692727724,-0.03150192128995201,0.0026905761000833315,-0.035841265906427465,-0.028606151780740743
header,2024-11-10_2024-11-16,important,0.05,5,4,0.269395,0.049656176352997634,0.174975,0.312325,0.20953999999999998,0.05821718947183897,0.096125,0.25265,0.010545,0.01596920004258197,0.0002,0.041975,0.25180046449456056,0.03543062475114273,0.18855900133462086,0.28203848468439685,0.22196840687466807,0.0628474598362441,0.10264093760286483,0.27667190125948327,-0.083812313152457,0.024299312918973356,-0.12409356943596324,-0.050237788240284985
header,2024-11-10_2024-11-16,important,0.1,5,8,0.27451,0.06335522393615227,0.209725,0.367425,0.174885,0.09666085764155002,0.0605,0.30685,0.05666,0.0502431602310205,0.0006,0.12075,0.291775277569866,0.04024098316526073,0.24647517237287225,0.3563638754587248,0.13922872414353232,0.12565843479296232,-0.00999639308770381,0.3028025259414434,-0.1447257163022549,0.0523830483311834,-0.19507008683730684,-0.07878695348089275
header,2024-11-10_2024-11-16,random,0.01,100,1,0.01618425,0.030812488063892213,0.0,0.14005,0.0066855000000000005,0.017603666585402033,0.0,0.096725,0.004024499999999999,0.013047209462180026,0.0,0.112225,0.016798647484054293,0.03060238488193532,0.0,0.14338055825785292,0.00597931107873218,0.03205372958152425,-0.10604753833431928,0.1430152626289846,-0.0037250039706733067,0.007257931926029589,-0.035841265906427465,0.0007230846611348026
header,2024-11-10_2024-11-16,random,0.05,100,4,0.05977724999999998,0.054260702526667495,0.0,0.215125,0.027362250000000005,0.03953374104720549,0.0,0.163475,0.015016250000000002,0.028476976308721754,0.0,0.12685,0.061465853563703765,0.05238468136014295,7.088463227225505e-05,0.2351648044918626,0.023621954790386264,0.0697511668552942,-0.11263792782226019,0.1927443683921175,-0.013415520242455787,0.01684152483527492,-0.13425969755620773,0.002672575371138817
header,2024-11-10_2024-11-16,random,0.1,100,8,0.0884975,0.06253565198148972,0.0012,0.31285,0.04548275,0.052267665996173,0.0,0.255725,0.017474749999999997,0.029246227640287215,0.0,0.122825,0.08966145947308986,0.0577917866838462,0.0014968251685897852,0.29262500855439977,0.042880274440234796,0.08533406465102683,-0.12326870119164217,0.2905764707232664,-0.018434626839556698,0.016260506521230268,-0.08311549125414099,0.028984737973334812
header,2024-11-17_2024-11-23,baseline,0.0,5,0,0.0,0.0,0.0,0.0,0.0,0.0,0.0,0.0,0.0,0.0,0.0,0.0,0.0,0.0,0.0,0.0,0.0,0.0,0.0,0.0,0.0,0.0,0.0,0.0
header,2024-11-17_2024-11-23,important,0.01,5,1,0.043960000000000006,0.003509081076293338,0.038325,0.04875,0.029295000000000005,0.0025764995633611124,0.02565,0.033075,1.9999999999999998e-05,2.9154759474226502e-05,0.0,7.5e-05,0.05252578432550847,0.0030798208476220663,0.04794310939410552,0.05647713666182655,0.0524436304182437,0.0031411259803754985,0.04770453752036661,0.05642990015116195,-0.03355483854135961,0.002483714669777606,-0.03712049577315023,-0.030856566067866242
header,2024-11-17_2024-11-23,important,0.05,5,4,0.270505,0.06063538447144538,0.1519,0.315875,0.202785,0.0585882914924134,0.087725,0.2434,0.007135,0.009500784178161296,0.000175,0.0257,0.25416608253186784,0.040427786565872245,0.1798830710453623,0.2882441056273644,0.23001542268645703,0.06471941302396793,0.10576008723209905,0.28334647307241434,-0.08073940995417818,0.024794457757134385,-0.12071740732692651,-0.048025633213587
header,2024-11-17_2024-11-23,important,0.1,5,8,0.277385,0.07224309932443375,0.195175,0.37355,0.175195,0.09540762862580748,0.0614,0.297925,0.050465,0.04037761941967357,0.0021,0.101425,0.29612609684339103,0.04626822455583618,0.2424501608912882,0.3668638023189966,0.15155260742853643,0.1250565967273012,0.0009362835849027439,0.3161534847117631,-0.14602080050536345,0.05305647017107278,-0.1965273216756271,-0.07880145958588017
header,2024-11-17_2024-11-23,random,0.01,100,1,0.01495325,0.02762994291864353,0.0,0.118075,0.00606575,0.014766914308260205,0.0,0.06755,0.0027125,0.007739662056575855,0.0,0.066425,0.016056109775651074,0.028355305970448327,0.0,0.1163264762694691,0.008120311598541909,0.02986552702123973,-0.06907972709597691,0.11624094414945806,-0.003294920598706977,0.006390276795975861,-0.03712049577315023,0.0017235738610882564
header,2024-11-17_2024-11-23,random,0.05,100,4,0.055994,0.05054611064661652,0.000875,0.2556,0.024410249999999998,0.03591924520626094,0.0,0.187575,0.012241750000000001,0.02257904865550141,0.0,0.1126,0.05744453319523487,0.046712705875392536,0.0008927456736969456,0.22446175036852323,0.025502965532124108,0.06382577358438178,-0.11571430579108775,0.22433146232308737,-0.012859392548558744,0.01226252579589766,-0.06969462683028273,0.008836226453673705
header,2024-11-17_2024-11-23,random,0.1,100,8,0.10143799999999999,0.06006298719677535,0.0034,0.320625,0.05362275,0.048176638671533524,0.0,0.250375,0.01341675,0.030022783027019665,0.0,0.1768,0.10030339978636556,0.05289559614458421,0.00437049927902178,0.280066274007222,0.06433769603995852,0.08199138143424892,-0.17159993995815626,0.2791698777246964,-0.020648722358371452,0.018382581849087518,-0.1017514192686543,0.012627270070843572
header,2024-11-24_2024-11-30,baseline,0.0,5,0,0.0,0.0,0.0,0.0,0.0,0.0,0.0,0.0,0.0,0.0,0.0,0.0,0.0,0.0,0.0,0.0,0.0,0.0,0.0,0.0,0.0,0.0,0.0,0.0
header,2024-11-24_2024-11-30,important,0.01,5,1,0.04153,0.0037874595707413175,0.0366,0.0475,0.03426,0.003405238611316394,0.030325,0.04005,4.4999999999999996e-05,4e-05,0.0,0.0001,0.05019714406994469,0.003269973631756966,0.04570028406202394,0.0544135219134903,0.05013865839936262,0.0033179708227389208,0.045516667403766746,0.0543919890478201,-0.0323786959465676,0.0025835493143667307,-0.03621466645464176,-0.029693249418944988
header,2024-11-24_2024-11-30,important,0.05,5,4,0.27522,0.06348828120212423,0.1502,0.3198,0.21978999999999999,0.06399634091102396,0.09325,0.26225,0.006860000000000001,0.0092404897056379,0.0003,0.025,0.2511709742512543,0.039225223740119115,0.17850567230852296,0.2863594371815129,0.22609282935094374,0.06599566487794663,0.09885655415445058,0.2819460858697523,-0.07729885856627314,0.02498408822914456,-0.11804800936288712,-0.04437474361496027
header,2024-11-24_2024-11-30,important,0.1,5,8,0.270555,0.07867545582962962,0.188075,0.37555,0.18162999999999999,0.10359192705032569,0.063075,0.31475,0.047225,0.03852457657132652,0.0026,0.0995,0.2943230137676712,0.04869555606230412,0.24192570775070035,0.36877628090432063,0.14189656052610528,0.12793968654157664,-0.011586339200609646,0.308955700221414,-0.1435312790573745,0.05314161624642094,-0.19494488315319553,-0.0759000001764329
header,2024-11-24_2024-11-30,random,0.01,100,1,0.01875975,0.03286555261497211,0.0,0.155825,0.008602499999999999,0.0203234579673342,0.0,0.1108,0.0031907500000000004,0.01103633468083947,0.0,0.09785,0.019515780851992084,0.032857577306748965,0.0,0.15249798636830522,0.010403815363723437,0.034884099003604806,-0.09880697217038875,0.15222290429814755,-0.0038316827962496646,0.006614984590383425,-0.03531156178764112,0.002510796524361199
header,2024-11-24_2024-11-30,random,0.05,100,4,0.0708155,0.06173695487509892,0.000275,0.28245,0.040118,0.05050683457216459,0.0,0.230425,0.009215000000000001,0.01774946266792322,0.0,0.10305,0.07270732578298329,0.05629889206001559,0.0006833260948785893,0.2505151679062778,0.04570564648852098,0.07359689803923086,-0.10358734948101121,0.2501998924429301,-0.01564191555513861,0.012673999165353096,-0.0585323851646771,0.005146654525677747
header,2024-11-24_2024-11-30,random,0.1,100,8,0.1063995,0.06778307808553695,0.016225,0.307475,0.06275775,0.06159192922930325,0.0,0.25255,0.01458575,0.028544498650133966,0.0,0.159725,0.10625828639839519,0.06101684357270448,0.01961606255109264,0.2860977890786056,0.06685819362045935,0.09141440630681989,-0.15700119901165774,0.28601548930622045,-0.025038448141689044,0.020257770694630747,-0.14308117503656365,0.025067846697988862
header,2024-12-01_2024-12-07,baseline,0.0,5,0,0.0,0.0,0.0,0.0,0.0,0.0,0.0,0.0,0.0,0.0,0.0,0.0,0.0,0.0,0.0,0.0,0.0,0.0,0.0,0.0,0.0,0.0,0.0,0.0
header,2024-12-01_2024-12-07,important,0.01,5,1,0.041475,0.0025476950366949335,0.0375,0.045075,0.032135,0.002414673891025452,0.028475,0.035675,9e-05,6.442049363362563e-05,2.5e-05,0.0002,0.05372449695906206,0.0022865642882687566,0.050090287994284916,0.05624914708970866,0.05361189732153619,0.0023064431214374873,0.049915464775807473,0.056148555081950234,-0.03659483485120733,0.0021304825598323215,-0.03995864784833755,-0.03455672906247479
header,2024-12-01_2024-12-07,important,0.05,5,4,0.31775000000000003,0.07843190199147283,0.1647,0.380325,0.26092,0.07697723104918752,0.109975,0.318625,0.006135,0.008336660002662937,0.0002,0.02255,0.2701610085857652,0.04585979991483631,0.18329525261276544,0.3087373117342991,0.24533454287968062,0.07553879709060884,0.09896898937864802,0.3055638954494413,-0.07171539799952333,0.024720740432161197,-0.11246572422511308,-0.037295048370056705
header,2024-12-01_2024-12-07,important,0.1,5,8,0.28656000000000004,0.08843202983082545,0.1923,0.407725,0.203545,0.10736315755416286,0.07685,0.34395,0.03959,0.03380239488556987,0.001275,0.08865,0.2961861803391278,0.05127082082918924,0.2442121494677235,0.3743081067778262,0.14824782832138245,0.12588037775977529,-0.0009667159105806027,0.31312737764845444,-0.13682104998319713,0.05605578951470002,-0.19830661471923755,-0.06526796973823423
header,2024-12-01_2024-12-07,random,0.01,100,1,0.01845225,0.02935051130197735,0.0,0.1259,0.00710525,0.01699946149698572,0.0,0.08605,0.005610499999999999,0.013537583877856493,0.0,0.06675,0.02042140738791646,0.031536480277458576,0.0,0.12766653057598434,0.002857932932677891,0.03513932316465125,-0.09044936806356214,0.12765846336254186,-0.005980397520360153,0.01033489391225837,-0.038200384413492106,0.0034928212732804227
header,2024-12-01_2024-12-07,random,0.05,100,4,0.059632000000000004,0.05735148048219854,5e-05,0.3075,0.030422750000000002,0.04372717191504042,0.0,0.248325,0.011635250000000001,0.025681710441236186,0.0,0.16535,0.059392227792393545,0.05221640904680265,4.9574930824130024e-05,0.2802059163282428,0.02640759297846334,0.06776142964740801,-0.1563579122722389,0.2785734202315228,-0.01155583584696066,0.011607160186632283,-0.059617167851388424,0.020196142466488796
header,2024-12-01_2024-12-07,random,0.1,100,8,0.11028575,0.08445692128646118,0.00545,0.3936,0.06764900000000001,0.0746831737173776,0.0,0.3329,0.015066999999999999,0.03059231559558707,0.0,0.169875,0.10776770716964335,0.07312640943475986,0.00740510106559145,0.345807894543448,0.06539210165907647,0.0978123945948122,-0.17164282417850055,0.3457101776083752,-0.026291890006860514,0.020501881248339685,-0.0995098499359941,0.015066374955468774
header,2024-12-08_2024-12-14,baseline,0.0,5,0,0.0,0.0,0.0,0.0,0.0,0.0,0.0,0.0,0.0,0.0,0.0,0.0,0.0,0.0,0.0,0.0,0.0,0.0,0.0,0.0,0.0,0.0,0.0,0.0
header,2024-12-08_2024-12-14,important,0.01,5,1,0.04,0.0023996353889705843,0.0365,0.044025,0.03174,0.002601182423437464,0.02835,0.036375,2e-05,2.4494897427831785e-05,0.0,5e-05,0.049526344511437004,0.002546912772779984,0.04589561564083535,0.05204727603229993,0.04948275626699988,0.0025623949594767727,0.04581372630555375,0.05201850518557949,-0.03060559948754893,0.0022695603273986576,-0.03385936511160022,-0.028370623516932706
header,2024-12-08_2024-12-14,important,0.05,5,4,0.30656,0.06485014764825135,0.1795,0.352225,0.248325,0.06774847415255932,0.115,0.2978,0.00823,0.01057860340498688,0.0004,0.02875,0.2621579855726828,0.042862203622371,0.18132887275163767,0.3006626694451935,0.23955896690532413,0.06534786099790389,0.1131610010235922,0.29592124223225974,-0.07125627084680389,0.023123537737325835,-0.10796998481278663,-0.03804905499563955
header,2024-12-08_2024-12-14,important,0.1,5,8,0.28338,0.09060374909461529,0.183975,0.404875,0.19455,0.11305469915045548,0.066175,0.342325,0.045135,0.035938539897998084,0.00225,0.087775,0.297838407992161,0.05655057123766353,0.23910159001245987,0.38323833758536546,0.14687727232193865,0.12866813553221632,-0.0003842002222142055,0.31829197025554923,-0.13654689595981584,0.05590284557563876,-0.1996238017397936,-0.06491178180804644
header,2024-12-08_2024-12-14,random,0.01,100,1,0.02651225,0.0407545283519206,0.0,0.143125,0.012136500000000001,0.026250157480480003,0.0,0.1001,0.005538000000000002,0.01490904066330225,0.0,0.077575,0.025784888659621745,0.03835887377737968,0.0,0.133070448394205,0.01013152059248328,0.0425936020994701,-0.08278245527769279,0.13282688647283586,-0.0036022001840757567,0.006431570012694156,-0.03385936511160022,0.003392632250138825
header,2024-12-08_2024-12-14,random,0.05,100,4,0.06562774999999998,0.052937734992984924,0.000325,0.2639,0.03252275,0.04025137281742699,0.0,0.21015,0.012132750000000001,0.021860605748411917,0.0,0.096175,0.0635659852014301,0.048513092637614705,0.0004082696390079465,0.22564656844576028,0.02980977962919347,0.06428545540524751,-0.09724533971244766,0.22417531069770485,-0.012885986093809778,0.011864776747353938,-0.07388987794751661,0.00043014870788147494
header,2024-12-08_2024-12-14,random,0.1,100,8,0.10335475000000001,0.06762064622722486,0.01265,0.320675,0.058679249999999995,0.06159660928726109,0.0,0.266825,0.014943,0.025415033956302322,0.0,0.12365,0.0991146674676796,0.06067807561687837,0.011386529363555428,0.2764646531255693,0.057820718731071204,0.0892676669487841,-0.12072718601741327,0.27485207883814755,-0.02173696425782628,0.017239208726001334,-0.08055961228263889,0.004336725641484125
imports,2024-09-22_2024-09-28,baseline,0.0,5,0,0.0,0.0,0.0,0.0,0.0,0.0,0.0,0.0,0.0,0.0,0.0,0.0,0.0,0.0,0.0,0.0,0.0,0.0,0.0,0.0,0.0,0.0,0.0,0.0
imports,2024-09-22_2024-09-28,important,0.01,5,13,0.08016,0.012698243973085414,0.065925,0.10135,0.019884999999999996,0.008860158012134998,0.00645,0.02775,0.038029999999999994,0.010627151546863344,0.020275,0.050875,0.08223109286414887,0.006890701663936908,0.07159657664957014,0.09165698123816943,-0.019590352927456076,0.018470667326766086,-0.043293793013782056,0.0038222288132443226,-0.05466116071088445,0.004421118979930634,-0.06000284752636858,-0.048282268206906544
imports,2024-09-22_2024-09-28,important,0.05,5,65,0.14838500000000002,0.015681626191183108,0.13335,0.177875,0.0028499999999999997,0.0017264848681642132,0.001075,0.0056,0.12645,0.017886845725280914,0.1071,0.158975,0.15819164997486004,0.012873448462192398,0.14399959288434733,0.17904713212506945,-0.11785763036715065,0.020797428305761752,-0.14651290026518246,-0.08721228463990582,-0.10429198018052603,0.007457387324642096,-0.10966508980245303,-0.08970934564706258
imports,2024-09-22_2024-09-28,important,0.1,5,129,0.23056000000000001,0.03222867356873379,0.19575,0.286325,0.004085,0.003962720025437073,0.000175,0.011425,0.20593000000000003,0.03448577750319689,0.1718,0.2644,0.19894321746219984,0.01827798615312135,0.1826359870155959,0.22708282523014695,-0.149533313469892,0.024103056159724096,-0.1806605704271172,-0.12618777517510338,-0.12323904543894904,0.010148750210712099,-0.14246296519476706,-0.11329266619435568
imports,2024-09-22_2024-09-28,random,0.01,100,13,0.004369250000000002,0.009565832984507937,0.0004,0.073075,0.0013104999999999998,0.004926577386989877,0.0,0.038275,0.00123325,0.0018386681830879655,0.0,0.01145,0.003909505455947991,0.0066979052814081655,0.00048182138020398793,0.0488739966087172,0.0002570033055614249,0.00549903348944087,-0.016749932050636802,0.04053650003938503,-0.001111778318412721,0.001432189456282663,-0.00900448261708574,0.0013699013838480057
imports,2024-09-22_2024-09-28,random,0.05,100,65,0.014685499999999997,0.012731842060361888,0.00425,0.083725,0.00368425,0.00606370828680767,0.000175,0.0459,0.005754499999999999,0.005424513088748151,0.00035,0.02385,0.014718350120967918,0.009425576940927981,0.005867265256737795,0.05901324535543038,-0.0014000068221884587,0.00930912082777989,-0.0276372909272015,0.049609557567776526,-0.006093920961629032,0.003924512370235402,-0.025048620083081456,4.545826508644442e-05
imports,2024-09-22_2024-09-28,random,0.1,100,129,0.027574500000000005,0.01807358085023552,0.007525,0.0926,0.007754249999999999,0.010002429739193373,0.0005,0.049075,0.010207499999999998,0.007624059368210613,0.0022,0.054425,0.028155873735197262,0.013080567554928764,0.011372914115018496,0.07168321218223207,-0.003427780621463546,0.015586623251642147,-0.05506687113859873,0.052547432655864985,-0.013814078506252814,0.006039153323022197,-0.03426685439966134,-0.004833607250667565
imports,2024-09-29_2024-10-05,baseline,0.0,5,0,0.0,0.0,0.0,0.0,0.0,0.0,0.0,0.0,0.0,0.0,0.0,0.0,0.0,0.0,0.0,0.0,0.0,0.0,0.0,0.0,0.0,0.0,0.0,0.0
imports,2024-09-29_2024-10-05,important,0.01,5,13,0.06856499999999999,0.012586476870037938,0.052675,0.089325,0.01996,0.010480894522892595,0.00475,0.0296,0.027225,0.009219395316396841,0.0136,0.038675,0.07409830270170546,0.005998604231645891,0.06557201158184281,0.08148526381323601,-0.008110377610870741,0.019021741375658457,-0.03232541361318985,0.014976466231416003,-0.049289920239836915,0.004700342062234693,-0.05673516337840373,-0.043609638847521684
imports,2024-09-29_2024-10-05,important,0.05,5,65,0.12057500000000002,0.018651615211557417,0.10375,0.15675,0.003225,0.002143595111022602,0.001375,0.007175,0.098845,0.020959946326267152,0.078775,0.1384,0.15299029881273277,0.016917329018161,0.13617055707533102,0.18074808887204158,-0.1085964628341072,0.024897297275430427,-0.14459764048854523,-0.07411944018228947,-0.10715697964310913,0.010736489299407953,-0.11875174737318478,-0.08799047573364943
imports,2024-09-29_2024-10-05,important,0.1,5,129,0.198855,0.05603767125782442,0.15855,0.30825,0.004405,0.004178797673972741,0.00015,0.01215,0.17398999999999998,0.05787453585127054,0.135625,0.286525,0.19607498014150715,0.024899075183907896,0.1753718187443947,0.23785497719534887,-0.14183662492120563,0.029768295768879384,-0.1826190267290826,-0.11167995252066125,-0.13067201520313393,0.014064474679391405,-0.1582061750870586,-0.11862812826978704
imports,2024-09-29_2024-10-05,random,0.01,100,13,0.00340025,0.005547069603628567,0.0,0.0486,0.00082275,0.00222396350858102,0.0,0.021125,0.00115325,0.0021538647096556456,0.0,0.011725,0.0033819401292693677,0.00464270036216177,0.00014956868741727267,0.0377095706823589,-0.00011022471622428677,0.003489213697866,-0.0165379661585919,0.017395143739881366,-0.001023790883361879,0.0012992679273011486,-0.007647601430073013,0.00218954644059716
imports,2024-09-29_2024-10-05,random,0.05,100,65,0.015452249999999999,0.014786088096163231,0.002775,0.079175,0.00536525,0.008797363877179346,0.000225,0.04815,0.0037672499999999998,0.0032542831295847632,0.000275,0.01675,0.015034791798109216,0.010223045561610243,0.004412515240592052,0.05643386625514613,0.002547294709594733,0.01168641629080089,-0.020927795146087134,0.052262215490585434,-0.0058181850608128695,0.0029725883840740204,-0.0145908037357472,-0.0012675211111030625
imports,2024-09-29_2024-10-05,random,0.1,100,129,0.023932,0.018547888046890944,0.00835,0.12815,0.008490999999999999,0.01287996871114212,0.000375,0.091825,0.006749250000000002,0.003962402136015475,0.00045,0.019175,0.025121494014161288,0.01308175789923414,0.010111465261256274,0.10089324730342392,0.002644343438653528,0.01575368812545507,-0.017717005694076388,0.09367336769236881,-0.012526264975599301,0.00437373972997121,-0.024435619702024597,-0.004751262392934571
imports,2024-10-06_2024-10-12,baseline,0.0,5,0,0.0,0.0,0.0,0.0,0.0,0.0,0.0,0.0,0.0,0.0,0.0,0.0,0.0,0.0,0.0,0.0,0.0,0.0,0.0,0.0,0.0,0.0,0.0,0.0
imports,2024-10-06_2024-10-12,important,0.01,5,13,0.08957,0.010515790507612826,0.0782,0.10665,0.02359,0.011064160609824859,0.00905,0.03435,0.043405000000000006,0.01212230794857151,0.028,0.0592,0.08718999286916612,0.005818054680210988,0.07938383890127981,0.09580193713594336,-0.010934680386126081,0.021232670042816704,-0.039914953774492154,0.012391171867537285,-0.05500913684643429,0.004562725228524133,-0.0615024946854041,-0.0509093066673025
imports,2024-10-06_2024-10-12,important,0.05,5,65,0.16165500000000002,0.014008438528258603,0.15175,0.18895,0.003585,0.0022199436929796214,0.00115,0.007275,0.13957,0.01535471751612513,0.126675,0.168375,0.15392923097223013,0.010625020852896678,0.14397954888649803,0.17355422205353108,-0.10336503533584451,0.02021762508694598,-0.13304405215222317,-0.07335038505535074,-0.0912917416422831,0.006445529158305469,-0.09692929065634787,-0.07915005891493503
imports,2024-10-06_2024-10-12,important,0.1,5,129,0.23152500000000004,0.031134530669338835,0.19905,0.287075,0.0054,0.005004797698209189,0.000275,0.014575,0.20648,0.03235129209166151,0.177625,0.265025,0.19078939827575458,0.016032002423776504,0.1754305788281719,0.21671514479855877,-0.1292557267336247,0.024055165673525808,-0.15990326027267873,-0.10388825141714655,-0.10556092442355067,0.009398671022487733,-0.11883590901639503,-0.09141637685263686
imports,2024-10-06_2024-10-12,random,0.01,100,13,0.0041277499999999995,0.0046724603997786865,0.000475,0.026975,0.00070225,0.0009410306517324502,0.0,0.006075,0.0018765000000000001,0.0035363130871007443,0.0,0.021525,0.0043374346186314215,0.005000389176150882,0.00043741526617481144,0.02639425108483216,-0.0005255236003770919,0.005147391677870689,-0.0256102757625888,0.011693472560308749,-0.0013330178884499936,0.001970674360346545,-0.01165013489425924,0.0003150708774339523
imports,2024-10-06_2024-10-12,random,0.05,100,65,0.0158785,0.012256274423739052,0.004125,0.084525,0.00412925,0.006428206451841756,0.000325,0.04675,0.005437999999999999,0.005224963492695428,0.00055,0.02585,0.015779531521232553,0.00943287383590461,0.004759444046804145,0.06463865188584159,0.001218678616101782,0.01133217001221789,-0.029579333131763485,0.05867679132316617,-0.00601198383883389,0.0035482930880625274,-0.016699593562777976,-0.0014185621557110206
imports,2024-10-06_2024-10-12,random,0.1,100,129,0.027804250000000003,0.017687256378180874,0.010025,0.09555,0.0077115,0.01072405731288303,0.00075,0.0554,0.010366000000000002,0.008646111495926942,0.001125,0.043675,0.02831339034526199,0.012823544424284575,0.011939525454399868,0.07386198809868963,0.0016878625705632313,0.018652990839332948,-0.040831596347120254,0.06803691247590277,-0.012577977658128821,0.005640796652574039,-0.03599329491466191,-0.003719989745493592
imports,2024-10-13_2024-10-19,baseline,0.0,5,0,0.0,0.0,0.0,0.0,0.0,0.0,0.0,0.0,0.0,0.0,0.0,0.0,0.0,0.0,0.0,0.0,0.0,0.0,0.0,0.0,0.0,0.0,0.0,0.0
imports,2024-10-13_2024-10-19,important,0.01,5,13,0.089155,0.018188020782921928,0.0672,0.11595,0.026355,0.012323457307103393,0.008325,0.0366,0.039575,0.014419327307471733,0.015525,0.0566,0.08711622117142451,0.007093918311201464,0.07750318889486654,0.0971618460555984,-0.01000182117614159,0.021589959142069678,-0.036307737086818635,0.019841477489407913,-0.05615228594236645,0.00492482945850913,-0.06263864388700138,-0.050235120952637886
imports,2024-10-13_2024-10-19,important,0.05,5,65,0.140905,0.016192972241068037,0.126525,0.17145,0.005765000000000001,0.0025682971011937077,0.003575,0.0106,0.11269,0.016995261104201964,0.096175,0.145325,0.1593990712781878,0.013679595153663888,0.14478124001043097,0.18280183850125284,-0.1059721946025824,0.0231072398641192,-0.1392712314436687,-0.07344443359141353,-0.10647294400969769,0.009199549447044838,-0.11441263240882092,-0.08876227661220067
imports,2024-10-13_2024-10-19,important,0.1,5,129,0.21299,0.04254050011459668,0.18035,0.295625,0.0060999999999999995,0.0049843505093442216,0.001375,0.015475,0.18222,0.04422110751665996,0.151625,0.26865,0.1995725751651125,0.02026365298092533,0.18213036634392948,0.23387907499352723,-0.13480914241100267,0.02749935572018217,-0.17172908487786645,-0.10686745574100655,-0.12696136020213367,0.012790127092075405,-0.15196798768572756,-0.11669426423984873
imports,2024-10-13_2024-10-19,random,0.01,100,13,0.0026672500000000003,0.0023413556302919894,0.0001,0.01265,0.0007110000000000002,0.0008138436582046947,0.0,0.003825,0.0007700000000000002,0.0010247804642946703,0.0,0.005275,0.0029277574285839774,0.0024784462085699734,0.00040783180322135156,0.014741195078197034,0.00010166083821519456,0.0022036833446011906,-0.007719431654613757,0.00655932753025561,-0.0008966567149199608,0.0010806346769092721,-0.006053792537779822,0.0005766885533629824
imports,2024-10-13_2024-10-19,random,0.05,100,65,0.0131145,0.009709339048050594,0.003725,0.068375,0.0039042499999999993,0.005161644668853137,0.0004,0.038125,0.003940249999999999,0.004333497281353711,0.000175,0.029625,0.014269300841645096,0.007957540190525985,0.00516630735061523,0.05628655555564412,0.00031499974705991485,0.008789437361778745,-0.02778751428995299,0.04014736585199674,-0.006064358257509902,0.004058150325706626,-0.019643438322621075,0.00038544978107615775
imports,2024-10-13_2024-10-19,random,0.1,100,129,0.026792250000000004,0.016928391718869812,0.008475,0.09795,0.00912675,0.01101822482015592,0.0005,0.060775,0.007999499999999998,0.006958537005003279,0.00105,0.0409,0.02789426069789183,0.012864131143292028,0.011657478698546372,0.07785237221260652,0.0015557304863361454,0.015907053868397518,-0.03927438832668294,0.061681312011409924,-0.013085790154226168,0.006498220841552489,-0.029933019700964125,0.00014169841580064847
imports,2024-10-20_2024-10-26,baseline,0.0,5,0,0.0,0.0,0.0,0.0,0.0,0.0,0.0,0.0,0.0,0.0,0.0,0.0,0.0,0.0,0.0,0.0,0.0,0.0,0.0,0.0,0.0,0.0,0.0,0.0
imports,2024-10-20_2024-10-26,important,0.01,5,13,0.09403500000000001,0.018621047231560314,0.06945,0.12145,0.021965,0.01115612611976039,0.005075,0.032475,0.04735,0.016859544774400048,0.017225,0.06415,0.0893548212510056,0.008956828265077687,0.07540406021380595,0.10214081923943931,-0.01722582084066826,0.0218235779572791,-0.045113847838080916,0.013989240904948528,-0.056344630999358894,0.006190103949506357,-0.06477399397063703,-0.048273470878922024
imports,2024-10-20_2024-10-26,important,0.05,5,65,0.15894999999999998,0.015135207299538387,0.144025,0.186975,0.00377,0.0025197420502900687,0.001525,0.008475,0.131955,0.01663619848402873,0.1133,0.16215,0.15973456343645315,0.011208132364151245,0.1486826663243876,0.17962146173315297,-0.10965545677590705,0.02086219781083509,-0.13938676929562435,-0.07921893451482157,-0.1007275309095288,0.007708572195723789,-0.10620019568187028,-0.08552071373852696
imports,2024-10-20_2024-10-26,important,0.1,5,129,0.23158999999999996,0.03700228574020799,0.2021,0.302625,0.00517,0.004703892005563054,0.000625,0.014,0.20105999999999996,0.038465801694492215,0.1718,0.275725,0.1976304364185762,0.01733088041232172,0.1835115881692459,0.2261714740315555,-0.13618268090374208,0.02485770304264924,-0.16710587326933987,-0.1104537977568571,-0.1178534215556091,0.011621019254558732,-0.13858284770242166,-0.10422527459675089
imports,2024-10-20_2024-10-26,random,0.01,100,13,0.0033517499999999993,0.003521104682837475,7.5e-05,0.02145,0.00082125,0.001471854166519224,0.0,0.013575,0.001146,0.0017697906655873173,0.0,0.01065,0.0036840536795904586,0.003781268252987048,0.00023625340539228264,0.023284932073970043,-8.929766563838383e-05,0.003748216726995967,-0.015920674953241478,0.02131491106038272,-0.0011979432035912193,0.0017087899023642246,-0.012672393237620466,0.001731571675157878
imports,2024-10-20_2024-10-26,random,0.05,100,65,0.017181000000000002,0.014290598797811098,0.004725,0.08975,0.00500425,0.0072364598173070786,0.0005,0.041825,0.0058909999999999995,0.006258336959608359,0.000325,0.03875,0.01675944027707229,0.010229879699300348,0.006078336729527624,0.05900158356431057,0.00040910247409901206,0.010897353593410992,-0.03423647704622407,0.03875566688791668,-0.0068945331076574155,0.004646697503933932,-0.02468704231618033,0.0006439145005723829
imports,2024-10-20_2024-10-26,random,0.1,100,129,0.030056249999999996,0.01875127808144021,0.008925,0.10425,0.00926775,0.012030162246931667,0.000775,0.066725,0.011035250000000002,0.009230734054640508,0.000925,0.0449,0.03023903824672856,0.013541205818134254,0.010667690616854486,0.0781927297723808,-0.0004961646995872353,0.018092217817386836,-0.041397404004120314,0.059103401524900394,-0.014033223507644197,0.006259168878999409,-0.03355353200981174,-0.003320249903652892
imports,2024-10-27_2024-11-02,baseline,0.0,5,0,0.0,0.0,0.0,0.0,0.0,0.0,0.0,0.0,0.0,0.0,0.0,0.0,0.0,0.0,0.0,0.0,0.0,0.0,0.0,0.0,0.0,0.0,0.0,0.0
imports,2024-10-27_2024-11-02,important,0.01,5,13,0.10328,0.021873999405687114,0.0779,0.135,0.02325,0.011309686114123592,0.0062,0.032475,0.053215,0.01858178274547413,0.025,0.079125,0.09707296427236198,0.009461773342262307,0.08372442735361973,0.11054353775964171,-0.01643586601994655,0.022426335684189364,-0.04370193057170615,0.015106639162252307,-0.06017993520206264,0.005855903084867469,-0.06804019584626425,-0.0520239971887205
imports,2024-10-27_2024-11-02,important,0.05,5,65,0.17699,0.016515618365656192,0.162275,0.20915,0.00456,0.002628335975479543,0.002175,0.0091,0.152315,0.019164919775464754,0.131875,0.188575,0.16097871127839344,0.009523531033990545,0.1522981099709125,0.1785189779526516,-0.1042993903547949,0.02029693238108728,-0.13153775402961088,-0.07403253021731848,-0.09565894121596183,0.007469667937206411,-0.1056103924976597,-0.08439293811646112
imports,2024-10-27_2024-11-02,important,0.1,5,129,0.251565,0.024848669984528334,0.221675,0.2961,0.005,0.0042166040838570555,0.00075,0.012675,0.22510499999999997,0.02633366381649162,0.197575,0.27415,0.19641845838595295,0.011187883721071438,0.1852594904050302,0.21395788628394688,-0.12741343093247043,0.02023520156716534,-0.15702765795750004,-0.10419370407350968,-0.10863720763745069,0.010073433641051364,-0.12139649637416121,-0.091276213617319
imports,2024-10-27_2024-11-02,random,0.01,100,13,0.004843999999999999,0.00970115207075943,0.00015,0.089525,0.0012655,0.004927203542578691,0.0,0.048575,0.0016099999999999997,0.0027190646369661753,0.0,0.0154,0.004684530581634066,0.0073537479510564245,0.0005657139894092684,0.06309618604738208,9.865056559459049e-05,0.007111769387176045,-0.02213527566453971,0.05679381806223011,-0.001152954858791692,0.001791699185198879,-0.010200268715720275,0.0032687540876052404
imports,2024-10-27_2024-11-02,random,0.05,100,65,0.017099750000000004,0.015795329410540952,0.004575,0.096575,0.00461125,0.00848274452565324,0.000425,0.0535,0.0054415,0.004899798745867017,0.00055,0.029575,0.017008929004319776,0.011499793062431546,0.0068389851370445716,0.07182664412792765,0.0010483044442458874,0.012019378014603918,-0.03251647171015768,0.06176943697009721,-0.006049907391616503,0.0034744271888620796,-0.020529927310209955,0.0011306441718298272
imports,2024-10-27_2024-11-02,random,0.1,100,129,0.032753,0.020568287264621718,0.010325,0.106925,0.00875225,0.011766165526096425,0.0007,0.061625,0.01200425,0.009677386046216199,0.000525,0.0583,0.0315681120281314,0.014089307877608672,0.013941696365068828,0.0828919813729378,-1.527097955207204e-05,0.020050518400413612,-0.05240292099489459,0.07368402859081759,-0.013337392400351051,0.005402689585891721,-0.028651608110105333,-0.00270293230136334
imports,2024-11-03_2024-11-09,baseline,0.0,5,0,0.0,0.0,0.0,0.0,0.0,0.0,0.0,0.0,0.0,0.0,0.0,0.0,0.0,0.0,0.0,0.0,0.0,0.0,0.0,0.0,0.0,0.0,0.0,0.0
imports,2024-11-03_2024-11-09,important,0.01,5,13,0.099545,0.020231574333205018,0.075825,0.129725,0.022275,0.011384946201014741,0.0058,0.03215,0.050870000000000005,0.017805542676369062,0.025375,0.07605,0.10746651615823763,0.00873167626006652,0.09693883146343886,0.12271899537631002,-0.03287002251487071,0.021062324309377357,-0.06118659413600327,-0.004310051635379914,-0.07334815536708686,0.0063448932973134906,-0.08412012850888707,-0.06680313934048926
imports,2024-11-03_2024-11-09,important,0.05,5,65,0.21403500000000003,0.010061369191119069,0.1966,0.224825,0.004305,0.0024241183964484898,0.0017,0.008825,0.187005,0.007760402695736863,0.17405,0.196725,0.19308423839344374,0.003070944064515197,0.19046673903900707,0.1989283282479103,-0.14186717621241468,0.014629214072449312,-0.15654469698963966,-0.11944716389532027,-0.11184572353053382,0.009260058336580902,-0.11975964057798569,-0.09580863235275977
imports,2024-11-03_2024-11-09,important,0.1,5,129,0.31820000000000004,0.02073033405423076,0.29415,0.35445,0.005005,0.0040815254501227844,0.00125,0.0127,0.28867499999999996,0.02167494521331022,0.267075,0.3293,0.23326902298571167,0.011459724362433704,0.2189868086559241,0.250218606935469,-0.1696398821166898,0.01922433749983926,-0.19851153273486194,-0.1493802360692067,-0.11735074008917086,0.01099790701335941,-0.12732810769616132,-0.09819400388619878
imports,2024-11-03_2024-11-09,random,0.01,100,13,0.004968749999999999,0.009258190546078645,0.00035,0.084425,0.0013212499999999997,0.004696503187212801,0.0,0.0461,0.0015487500000000004,0.003083762667181118,0.0,0.0238,0.0048067575383880816,0.007405534080702155,0.0003483838075220772,0.06044679024004574,0.00022007195678514752,0.0072609170809094835,-0.03087924751007099,0.05453521781196798,-0.0012568732883273053,0.0017432586124223155,-0.011377087339069069,0.0010513144981822357
imports,2024-11-03_2024-11-09,random,0.05,100,65,0.017709000000000003,0.016995764001656415,0.003975,0.104425,0.00463925,0.00905371005099567,0.0003,0.05995,0.006085,0.00598702242354244,0.00095,0.035125,0.018450569943972293,0.013188854257344979,0.005656591599356426,0.08170412476068496,-0.0010936797969976026,0.012988703370412556,-0.02602932171994038,0.06333908270789493,-0.007477072949010704,0.005140132930238688,-0.021875275320248914,-0.0012011848451204403
imports,2024-11-03_2024-11-09,random,0.1,100,129,0.029759499999999998,0.020230171396950648,0.010175,0.10265,0.008451,0.01246258546610614,0.00095,0.060675,0.009807,0.007793381871819192,0.00125,0.03965,0.03096867081162177,0.015410853763453851,0.013615463174548585,0.08258236506519566,-0.0003156653656371012,0.020064535719741185,-0.04422439495094672,0.06876697039188417,-0.014042403930645675,0.007357019534957318,-0.048678004585682604,-0.003546767472927488
imports,2024-11-10_2024-11-16,baseline,0.0,5,0,0.0,0.0,0.0,0.0,0.0,0.0,0.0,0.0,0.0,0.0,0.0,0.0,0.0,0.0,0.0,0.0,0.0,0.0,0.0,0.0,0.0,0.0,0.0,0.0
imports,2024-11-10_2024-11-16,important,0.01,5,13,0.09759999999999999,0.01884637896254875,0.07725,0.127425,0.022244999999999997,0.01148224063499803,0.0056,0.03245,0.04803,0.016230414350841448,0.0232,0.069225,0.09889444088197212,0.008789036495606181,0.08794736685536408,0.1138946099830062,-0.021999600563640233,0.021434741484746906,-0.04994794912328025,0.005672843177184266,-0.06401601761017288,0.005629705677771467,-0.07350279696270093,-0.05755360984540157
imports,2024-11-10_2024-11-16,important,0.05,5,65,0.19202000000000002,0.014808159912696779,0.165025,0.204375,0.0044199999999999995,0.0024253556440241913,0.0022,0.00895,0.16895,0.014084796768146857,0.146175,0.184675,0.17521235001648938,0.006122106314040341,0.17136450036021994,0.18738424763781064,-0.12350094931112601,0.016757247388358088,-0.14658834602443122,-0.09935331789883756,-0.1017835963794839,0.008121538758858368,-0.10833290998099544,-0.08631753720105663
imports,2024-11-10_2024-11-16,important,0.1,5,129,0.277495,0.022838007794026175,0.2501,0.31795,0.004905,0.003625927467559162,0.001275,0.0116,0.25282,0.02349330436528672,0.228725,0.2968,0.21323575642134243,0.011511242705142415,0.20168712622052873,0.23138924029521937,-0.14966353437936175,0.019534323427925566,-0.1774785624529834,-0.12925730789992076,-0.11054172176380808,0.010393536733552526,-0.12051598405790868,-0.09220798861605697
imports,2024-11-10_2024-11-16,random,0.01,100,13,0.0038727500000000003,0.007082815555095306,0.0003,0.0677,0.0009770000000000004,0.00315183414855541,0.0,0.030175,0.0012032500000000001,0.0015383012343166084,2.5e-05,0.010325,0.003912735770805059,0.005469772974994593,0.0005918168130430291,0.049567370684457955,0.0001348274621547665,0.0038872900727976866,-0.012469953323954805,0.02695208670320529,-0.0010700018927236655,0.0015318560929662322,-0.012260755001417963,0.00019217612947599702
imports,2024-11-10_2024-11-16,random,0.05,100,65,0.016168500000000002,0.011742560740741348,0.006375,0.090075,0.00360425,0.0055633960570410585,0.0005,0.046525,0.005769750000000001,0.005037375674644486,0.00035,0.031825,0.01664485122355572,0.008947636235606229,0.006624920910875443,0.0657573933147952,-0.0004929215801619644,0.01030093442566259,-0.033560081415944736,0.05871141270964382,-0.006945290921302697,0.003717929327338249,-0.02043945013960083,-0.0016022467085471497
imports,2024-11-10_2024-11-16,random,0.1,100,129,0.029913499999999996,0.01711302772013182,0.0113,0.1227,0.00782425,0.009113735139200612,0.00075,0.068925,0.010215499999999999,0.007815226948080267,0.0013,0.04205,0.03017193744490991,0.012584149148135554,0.013845878076764146,0.09706336899345427,0.0003594645378037396,0.015323741193708395,-0.03345650008828037,0.07312657165700438,-0.014556076717563064,0.005974972933990359,-0.03858407923736895,-0.003293733824421465
imports,2024-11-17_2024-11-23,baseline,0.0,5,0,0.0,0.0,0.0,0.0,0.0,0.0,0.0,0.0,0.0,0.0,0.0,0.0,0.0,0.0,0.0,0.0,0.0,0.0,0.0,0.0,0.0,0.0,0.0,0.0
imports,2024-11-17_2024-11-23,important,0.01,5,13,0.09653999999999999,0.020616944487484076,0.07275,0.1306,0.019899999999999998,0.010622017228379927,0.004325,0.02975,0.04973000000000001,0.016722345828262257,0.024025,0.07,0.0969634049615183,0.010518199167642893,0.08300290279537462,0.11371980998549934,-0.017873151837724126,0.022473462577250462,-0.04667219163961875,0.01324128163290015,-0.06296675303116211,0.007032284396706944,-0.0736083998676046,-0.054041509913608614
imports,2024-11-17_2024-11-23,important,0.05,5,65,0.182925,0.019142942563775297,0.162,0.216175,0.003365,0.0021760399812503447,0.001725,0.007525,0.161375,0.019829529747323812,0.1426,0.196875,0.16688340730547124,0.008125722881956064,0.15912529002920814,0.18218632501881393,-0.11421021107694376,0.018807272292877205,-0.14036079459874068,-0.0876679174632437,-0.10158769471876525,0.008413070786538858,-0.11345834970288128,-0.08866361732109092
imports,2024-11-17_2024-11-23,important,0.1,5,129,0.266435,0.019580478799048815,0.2463,0.302375,0.00458,0.0038521876901314147,0.0006,0.011525,0.24207,0.021052086594919764,0.2249,0.2816,0.2061199559888957,0.010145662511490494,0.19750501367767273,0.22134441601916943,-0.14008029989057083,0.01892447923476845,-0.17101969430515518,-0.12109171157055375,-0.11382429682474485,0.01078615019592465,-0.12503799057976098,-0.09391422598979625
imports,2024-11-17_2024-11-23,random,0.01,100,13,0.00505475,0.009456746728526677,0.0003,0.0853,0.0012002499999999997,0.0040260611877491375,0.0,0.039775,0.0016497499999999997,0.003482894799947308,0.0,0.032125,0.004946011640797604,0.007098014222247597,0.00031644132796515524,0.06196553787529482,0.00018822208660563872,0.006705928173074616,-0.022191635380587816,0.05568977488688674,-0.001748012489870136,0.002560583354738445,-0.01819431998206677,-3.848195802309879e-05
imports,2024-11-17_2024-11-23,random,0.05,100,65,0.019341249999999997,0.017875387539505256,0.003875,0.089475,0.004129750000000001,0.007349604321832571,0.000275,0.042125,0.007645,0.009705705152125732,0.000675,0.057675,0.019528260661309593,0.01356945044551201,0.007598627936660246,0.06775622145441777,-0.0010187093422976254,0.014957153191610915,-0.05452850797908086,0.05884328698138295,-0.008005795829666386,0.005699545764126179,-0.029708745994394645,-0.000837568916885094
imports,2024-11-17_2024-11-23,random,0.1,100,129,0.034096499999999995,0.021411071908010584,0.008075,0.0907,0.00895825,0.01021810467687134,0.000275,0.042225,0.011761500000000001,0.009974700759922576,0.00185,0.04775,0.0345295257896478,0.015645604507526084,0.011809010159905743,0.07068559207228539,0.0008776769260961041,0.018518416037134663,-0.04503170035849838,0.05202630310468568,-0.016281650092577916,0.007551725418290037,-0.04680108434825316,-0.005963780811283348
imports,2024-11-24_2024-11-30,baseline,0.0,5,0,0.0,0.0,0.0,0.0,0.0,0.0,0.0,0.0,0.0,0.0,0.0,0.0,0.0,0.0,0.0,0.0,0.0,0.0,0.0,0.0,0.0,0.0,0.0,0.0
imports,2024-11-24_2024-11-30,important,0.01,5,13,0.10527500000000001,0.021543276213241105,0.081075,0.137675,0.02161,0.010942961208009467,0.005525,0.031675,0.055720000000000006,0.016262382974213833,0.028975,0.077375,0.10159537735100288,0.010986460248761574,0.08582794627775005,0.11835539394805268,-0.02343703507823869,0.022101563965977324,-0.05027370573450217,0.009136898307898106,-0.06630411995402379,0.006769910399241113,-0.07488962176893163,-0.05628461620158607
imports,2024-11-24_2024-11-30,important,0.05,5,65,0.19580999999999998,0.020421052862181228,0.17755,0.23405,0.004445,0.002736622005319697,0.0021,0.0098,0.170175,0.02161647519832963,0.1509,0.21115,0.17436835824081107,0.008237618334042853,0.16613015748484922,0.18906914326337967,-0.12095213587939954,0.018949365735575985,-0.14671130319523576,-0.09172121479582697,-0.10594085296574256,0.00703186138995098,-0.11583995757024727,-0.09443197267172955
imports,2024-11-24_2024-11-30,important,0.1,5,129,0.28122,0.023591388259278003,0.259875,0.325525,0.005304999999999999,0.004082995224097133,0.000825,0.012175,0.25277000000000005,0.025756724364716866,0.23225,0.30155,0.21229753577895796,0.010982378577732358,0.2009818565936412,0.22926227270270993,-0.14552238121923705,0.01978283034830612,-0.17602888525095509,-0.12290678004236325,-0.11891885928057963,0.011051028308711514,-0.13132032979601768,-0.09955834155807325
imports,2024-11-24_2024-11-30,random,0.01,100,13,0.003983250000000001,0.004922399129235662,0.000425,0.02305,0.0007830000000000001,0.0011300657060542986,0.0,0.008075,0.0015359999999999998,0.003015481553583109,0.0,0.01735,0.0047081608012761785,0.005143648519407678,0.0005315338401122088,0.02349410322574409,-0.0006777765232534186,0.004288553164451569,-0.020978964712415726,0.00973364092896519,-0.0016229182856820343,0.0024080843347814816,-0.011167050795037232,0.0014891415123148813
imports,2024-11-24_2024-11-30,random,0.05,100,65,0.015437000000000003,0.013897439728237716,0.00365,0.10525,0.0037515000000000005,0.0060130959372023994,0.000175,0.05295,0.00587325,0.0071621987327565835,0.000275,0.0379,0.016728889793692105,0.01060816327866778,0.0057442867916573295,0.0734254856919879,-0.0005524894436529354,0.010488628136556979,-0.03029037455097034,0.058845895622566945,-0.006840574095010991,0.004275566185525944,-0.02323556565616525,-0.00031764419866001613
imports,2024-11-24_2024-11-30,random,0.1,100,129,0.03183375,0.021141855812286205,0.00865,0.118025,0.0074045,0.0107460198329428,0.000375,0.06325,0.013687999999999999,0.012290016008939938,0.00075,0.0673,0.03429781619759759,0.01521339991098887,0.013827726785630474,0.0920271748250014,-0.005313003902556654,0.020143706927708317,-0.05129450957861345,0.07408252451972243,-0.017345404583096205,0.008225207137070539,-0.04257381996276253,-0.0038186037045584106
imports,2024-12-01_2024-12-07,baseline,0.0,5,0,0.0,0.0,0.0,0.0,0.0,0.0,0.0,0.0,0.0,0.0,0.0,0.0,0.0,0.0,0.0,0.0,0.0,0.0,0.0,0.0,0.0,0.0,0.0,0.0
imports,2024-12-01_2024-12-07,important,0.01,5,13,0.10805500000000001,0.01893975580623995,0.086475,0.1377,0.026415,0.01250964228105664,0.008425,0.0382,0.048850000000000005,0.013039574379557026,0.026275,0.065625,0.10848971383832362,0.007457648080428201,0.09967871730177036,0.12110442229292025,-0.021813258870469622,0.022465114304426523,-0.052007948346851914,0.007611490286550265,-0.0678540454058758,0.005496802494368779,-0.07361334556476427,-0.058822931918983475
imports,2024-12-01_2024-12-07,important,0.05,5,65,0.20115500000000003,0.026334223930087632,0.163175,0.244325,0.0057399999999999994,0.0034011615662887873,0.002475,0.012275,0.16373500000000002,0.02628130799636882,0.132275,0.209025,0.1894988806504591,0.009478702225421241,0.17957597182992213,0.20537148272076766,-0.12994662174345586,0.02055813921358346,-0.15715775459675832,-0.09548342936458919,-0.109197130550159,0.008612672503234053,-0.11891513924358525,-0.09320365533602647
imports,2024-12-01_2024-12-07,important,0.1,5,129,0.294495,0.031724534669558185,0.26385,0.354075,0.00622,0.004732081994217767,0.001125,0.014625,0.25368,0.03236755088047286,0.2259,0.3167,0.23111511162589285,0.015060909644311348,0.21535968578213788,0.25479550145311836,-0.1570357337650236,0.023607225490849912,-0.18809478039802638,-0.1295657917443923,-0.12344027294307362,0.012839394397221584,-0.13834543432042948,-0.10372480214622219
imports,2024-12-01_2024-12-07,random,0.01,100,13,0.0064842499999999996,0.013623490125056061,0.00025,0.102225,0.0023604999999999998,0.006468277572120727,5e-05,0.050075,0.0013924999999999999,0.0031610213934739513,0.0,0.020875,0.005934497474245603,0.010169870338374033,0.0005588991527386883,0.06821540323862865,0.0006251502379327503,0.0071016316222679635,-0.033188574185365055,0.03654117036431152,-0.002036625542664293,0.0031935446209473486,-0.017599996365468617,0.00010825295005765038
imports,2024-12-01_2024-12-07,random,0.05,100,65,0.022558,0.022589619817517958,0.004125,0.110775,0.0084315,0.013221046015728105,0.0006,0.066,0.0054880000000000016,0.007508366566704105,0.0003,0.0473,0.022028802848071627,0.015423126542202728,0.00685269874464184,0.0823101507817473,0.002950162209136649,0.015794098002987863,-0.04155655892441483,0.06762201758166127,-0.009293119855731356,0.005494727386736619,-0.03352435651382654,-0.0022772368907545736
imports,2024-12-01_2024-12-07,random,0.1,100,129,0.036941,0.02577138760330922,0.010025,0.14285,0.012021750000000003,0.013787801064256042,0.0009,0.061225,0.012461250000000002,0.012148335984302542,0.00125,0.083425,0.037635007907529834,0.016521801781391107,0.014658312532053111,0.0979898334988208,-0.002954725014805274,0.01856885997565112,-0.054924824831750776,0.04771329817168982,-0.01779868741454223,0.00809546327833352,-0.04756329593796653,-0.0015020454304650588
imports,2024-12-08_2024-12-14,baseline,0.0,5,0,0.0,0.0,0.0,0.0,0.0,0.0,0.0,0.0,0.0,0.0,0.0,0.0,0.0,0.0,0.0,0.0,0.0,0.0,0.0,0.0,0.0,0.0,0.0,0.0
imports,2024-12-08_2024-12-14,important,0.01,5,13,0.1085,0.023469458877443252,0.078925,0.144025,0.02802,0.014456066200733864,0.008,0.041175,0.049120000000000004,0.014658584515566295,0.025775,0.0682,0.10351377884657062,0.010820901961075139,0.09052939697356117,0.12106751489372046,-0.011223725689172653,0.023893031175871386,-0.041308292373994235,0.021404845408503893,-0.06578038842440695,0.007275900074207321,-0.07633575716903147,-0.05560541776698805
imports,2024-12-08_2024-12-14,important,0.05,5,65,0.181915,0.014892284915351307,0.162875,0.20705,0.0071,0.0044371161805839615,0.002325,0.015275,0.15211999999999998,0.015020714030964041,0.1393,0.181125,0.17416706691481096,0.010113862618423135,0.16279130797287766,0.19214212346110596,-0.11339600408730222,0.022313396590620763,-0.14420838244602022,-0.07987042674165795,-0.10695697800591733,0.007522214445865023,-0.11493739480193194,-0.09346218195200942
imports,2024-12-08_2024-12-14,important,0.1,5,129,0.25773,0.031723817550856,0.223925,0.3127,0.0068249999999999995,0.004554036670910765,0.00205,0.0148,0.22628999999999996,0.032850976393404195,0.19365,0.285375,0.2133090338696512,0.014911943265272155,0.19961587487363747,0.2368127753258159,-0.1389293194529666,0.024262356619332487,-0.17302898230351224,-0.1126908021380488,-0.12405979406539758,0.01077308825822943,-0.1403367578375263,-0.1071458170807891
imports,2024-12-08_2024-12-14,random,0.01,100,13,0.0061835,0.010820677670552802,0.000425,0.086925,0.0013647499999999999,0.004149421789538876,0.0,0.0406,0.0019695,0.0038650300451613566,2.5e-05,0.029375,0.00546135698562467,0.007477199456366391,0.0006404920271573933,0.055705868039437154,-0.000419964886826577,0.00536467817276726,-0.020791966215082315,0.03423327531067124,-0.001891314867567149,0.003119224904253244,-0.0161953930750095,0.00036853885053617324
imports,2024-12-08_2024-12-14,random,0.05,100,65,0.019207,0.01680298785930645,0.003275,0.115875,0.0048720000000000005,0.008076710561856233,0.000475,0.065975,0.0065325,0.005807632370424285,0.000525,0.029525,0.019429821143981826,0.012094941936861517,0.005573132703498934,0.08481452129955529,-0.0008718533519083947,0.01194689130029516,-0.026112283061049596,0.07025576638660734,-0.007859117320217332,0.005251093260972196,-0.02472195221747668,0.0025237378342831862
imports,2024-12-08_2024-12-14,random,0.1,100,129,0.03386525,0.023429539286710273,0.012575,0.16295,0.01047175,0.013658431761644526,0.000375,0.102225,0.010496999999999996,0.00874704184281749,0.0009,0.044175,0.033072670663016425,0.01562803942056792,0.016305999681580082,0.12137964638733788,0.0017095283098495268,0.01997177379029806,-0.0403931592620176,0.11111827182329459,-0.014754362653189279,0.006683324525906527,-0.040657843054002454,1.9318541389472878e-05
