model,view,seed,family,dimension,metric,family_seed_mean,family_percentile_in_null,n_null_repeats
lightgbm,wild_b,13,header,16,auc,0.9540475685,1.0,10
lightgbm,wild_b,13,header,16,mix_at_10,0.11155427777777778,0.0,10
lightgbm,wild_b,13,header,16,js_divergence,0.04931514027491862,0.1,10
lightgbm,wild_b,13,header,16,same_family_rate_at_10,0.6476306813374183,1.0,10
lightgbm,wild_b,13,header,32,auc,0.9687327089629628,1.0,10
lightgbm,wild_b,13,header,32,mix_at_10,0.08790372222222222,0.0,10
lightgbm,wild_b,13,header,32,js_divergence,0.08758651738768444,0.8,10
lightgbm,wild_b,13,header,32,same_family_rate_at_10,0.6865812427037181,1.0,10
lightgbm,wild_b,13,header,64,auc,0.9814635556296297,1.0,10
lightgbm,wild_b,13,header,64,mix_at_10,0.07087136111111111,0.0,10
lightgbm,wild_b,13,header,64,js_divergence,0.08557426005025989,0.4,10
lightgbm,wild_b,13,header,64,same_family_rate_at_10,0.7063178151162519,1.0,10
lightgbm,wild_b,13,imports,16,auc,0.728342797425926,0.0,10
lightgbm,wild_b,13,imports,16,mix_at_10,0.3713281944444445,1.0,10
lightgbm,wild_b,13,imports,16,js_divergence,0.07344126402478093,0.2,10
lightgbm,wild_b,13,imports,16,same_family_rate_at_10,0.30894581238064217,0.0,10
lightgbm,wild_b,13,imports,32,auc,0.8132411842962963,0.0,10
lightgbm,wild_b,13,imports,32,mix_at_10,0.2805938888888889,1.0,10
lightgbm,wild_b,13,imports,32,js_divergence,0.05725379024319479,0.7,10
lightgbm,wild_b,13,imports,32,same_family_rate_at_10,0.4799910003105715,0.0,10
lightgbm,wild_b,13,imports,64,auc,0.8489378585370371,0.0,10
lightgbm,wild_b,13,imports,64,mix_at_10,0.24480491666666665,1.0,10
lightgbm,wild_b,13,imports,64,js_divergence,0.07317117332479049,0.4,10
lightgbm,wild_b,13,imports,64,same_family_rate_at_10,0.5248475162765941,0.0,10
lightgbm,wild_b,13,section,16,auc,0.8810606270185186,0.8,10
lightgbm,wild_b,13,section,16,mix_at_10,0.19295802777777776,0.2,10
lightgbm,wild_b,13,section,16,js_divergence,0.22610837246565474,0.7,10
lightgbm,wild_b,13,section,16,same_family_rate_at_10,0.5255938366693236,1.0,10
lightgbm,wild_b,13,section,32,auc,0.9545182460740742,0.8,10
lightgbm,wild_b,13,section,32,mix_at_10,0.11109294444444444,0.2,10
lightgbm,wild_b,13,section,32,js_divergence,0.1189695909404703,0.8,10
lightgbm,wild_b,13,section,32,same_family_rate_at_10,0.6336444093748999,0.9,10
lightgbm,wild_b,13,section,64,auc,0.9739493982962962,0.9,10
lightgbm,wild_b,13,section,64,mix_at_10,0.08471411111111113,0.1,10
lightgbm,wild_b,13,section,64,js_divergence,0.1590001496369892,0.5,10
lightgbm,wild_b,13,section,64,same_family_rate_at_10,0.6753956662736288,0.9,10
lightgbm,wild_b,13,strings,16,auc,0.9386087821481481,1.0,10
lightgbm,wild_b,13,strings,16,mix_at_10,0.13523958333333336,0.0,10
lightgbm,wild_b,13,strings,16,js_divergence,0.019084927015469724,0.0,10
lightgbm,wild_b,13,strings,16,same_family_rate_at_10,0.5965319980289576,1.0,10
lightgbm,wild_b,13,strings,32,auc,0.9593901517592591,0.8,10
lightgbm,wild_b,13,strings,32,mix_at_10,0.11094347222222223,0.2,10
lightgbm,wild_b,13,strings,32,js_divergence,0.00990879908000666,0.4,10
lightgbm,wild_b,13,strings,32,same_family_rate_at_10,0.6268550381611481,0.6,10
lightgbm,wild_b,13,strings,64,auc,0.9706760726111112,0.9,10
lightgbm,wild_b,13,strings,64,mix_at_10,0.09721038888888889,0.4,10
lightgbm,wild_b,13,strings,64,js_divergence,0.004034559668824486,0.1,10
lightgbm,wild_b,13,strings,64,same_family_rate_at_10,0.6401741733491568,0.0,10
lightgbm,wild_b,17,header,16,auc,0.9405142868518519,1.0,10
lightgbm,wild_b,17,header,16,mix_at_10,0.13348441666666666,0.0,10
lightgbm,wild_b,17,header,16,js_divergence,0.1337903036843137,0.3,10
lightgbm,wild_b,17,header,16,same_family_rate_at_10,0.6137596229720892,1.0,10
lightgbm,wild_b,17,header,32,auc,0.9683870712407406,1.0,10
lightgbm,wild_b,17,header,32,mix_at_10,0.08774269444444445,0.0,10
lightgbm,wild_b,17,header,32,js_divergence,0.08496361086799968,0.6,10
lightgbm,wild_b,17,header,32,same_family_rate_at_10,0.6903642560342005,1.0,10
lightgbm,wild_b,17,header,64,auc,0.9805320253703703,1.0,10
lightgbm,wild_b,17,header,64,mix_at_10,0.07112311111111111,0.0,10
lightgbm,wild_b,17,header,64,js_divergence,0.09313107415246726,0.5,10
lightgbm,wild_b,17,header,64,same_family_rate_at_10,0.7060245933659102,1.0,10
lightgbm,wild_b,17,imports,16,auc,0.7267903785925924,0.1,10
lightgbm,wild_b,17,imports,16,mix_at_10,0.3688014444444444,0.9,10
lightgbm,wild_b,17,imports,16,js_divergence,0.05992666796489848,0.3,10
lightgbm,wild_b,17,imports,16,same_family_rate_at_10,0.3096866346049677,0.1,10
lightgbm,wild_b,17,imports,32,auc,0.798545212462963,0.0,10
lightgbm,wild_b,17,imports,32,mix_at_10,0.2894520833333333,1.0,10
lightgbm,wild_b,17,imports,32,js_divergence,0.06749013876000046,0.6,10
lightgbm,wild_b,17,imports,32,same_family_rate_at_10,0.4598555827183808,0.0,10
lightgbm,wild_b,17,imports,64,auc,0.8374326702222223,0.0,10
lightgbm,wild_b,17,imports,64,mix_at_10,0.2487011388888889,1.0,10
lightgbm,wild_b,17,imports,64,js_divergence,0.06690381648397051,0.4,10
lightgbm,wild_b,17,imports,64,same_family_rate_at_10,0.524436616642138,0.0,10
lightgbm,wild_b,17,section,16,auc,0.8904872912037037,1.0,10
lightgbm,wild_b,17,section,16,mix_at_10,0.17325033333333334,0.0,10
lightgbm,wild_b,17,section,16,js_divergence,0.1584069866009531,0.3,10
lightgbm,wild_b,17,section,16,same_family_rate_at_10,0.5689837702654854,1.0,10
lightgbm,wild_b,17,section,32,auc,0.9327671245185186,0.7,10
lightgbm,wild_b,17,section,32,mix_at_10,0.12895116666666664,0.3,10
lightgbm,wild_b,17,section,32,js_divergence,0.18580995535337483,0.7,10
lightgbm,wild_b,17,section,32,same_family_rate_at_10,0.6237817582951815,0.6,10
lightgbm,wild_b,17,section,64,auc,0.9745086907962964,1.0,10
lightgbm,wild_b,17,section,64,mix_at_10,0.08142891666666667,0.0,10
lightgbm,wild_b,17,section,64,js_divergence,0.12755468245084162,0.6,10
lightgbm,wild_b,17,section,64,same_family_rate_at_10,0.6786833345959723,1.0,10
lightgbm,wild_b,17,strings,16,auc,0.9361654037592592,1.0,10
lightgbm,wild_b,17,strings,16,mix_at_10,0.13710030555555558,0.0,10
lightgbm,wild_b,17,strings,16,js_divergence,0.013181379721455586,0.2,10
lightgbm,wild_b,17,strings,16,same_family_rate_at_10,0.5916209065114385,1.0,10
lightgbm,wild_b,17,strings,32,auc,0.9567500746296297,1.0,10
lightgbm,wild_b,17,strings,32,mix_at_10,0.11440919444444446,0.1,10
lightgbm,wild_b,17,strings,32,js_divergence,0.009729019570412192,0.1,10
lightgbm,wild_b,17,strings,32,same_family_rate_at_10,0.6252734675332141,0.6,10
lightgbm,wild_b,17,strings,64,auc,0.9684796241851853,0.8,10
lightgbm,wild_b,17,strings,64,mix_at_10,0.09956486111111111,0.2,10
lightgbm,wild_b,17,strings,64,js_divergence,0.02551127272373535,0.4,10
lightgbm,wild_b,17,strings,64,same_family_rate_at_10,0.6358216272289828,0.1,10
lightgbm,wild_b,23,header,16,auc,0.948926711462963,1.0,10
lightgbm,wild_b,23,header,16,mix_at_10,0.1156553611111111,0.0,10
lightgbm,wild_b,23,header,16,js_divergence,0.11896963086418617,0.7,10
lightgbm,wild_b,23,header,16,same_family_rate_at_10,0.6487860707187975,1.0,10
lightgbm,wild_b,23,header,32,auc,0.9700794758333332,1.0,10
lightgbm,wild_b,23,header,32,mix_at_10,0.08472452777777778,0.0,10
lightgbm,wild_b,23,header,32,js_divergence,0.09208394234200436,0.5,10
lightgbm,wild_b,23,header,32,same_family_rate_at_10,0.693213284101576,1.0,10
lightgbm,wild_b,23,header,64,auc,0.9800754509444444,1.0,10
lightgbm,wild_b,23,header,64,mix_at_10,0.07231466666666667,0.0,10
lightgbm,wild_b,23,header,64,js_divergence,0.09288642337786145,0.5,10
lightgbm,wild_b,23,header,64,same_family_rate_at_10,0.7054647485947323,1.0,10
lightgbm,wild_b,23,imports,16,auc,0.7364920165370371,0.0,10
lightgbm,wild_b,23,imports,16,mix_at_10,0.35920597222222217,1.0,10
lightgbm,wild_b,23,imports,16,js_divergence,0.05162930948161241,0.5,10
lightgbm,wild_b,23,imports,16,same_family_rate_at_10,0.339061402992177,0.1,10
lightgbm,wild_b,23,imports,32,auc,0.7961834206481482,0.0,10
lightgbm,wild_b,23,imports,32,mix_at_10,0.2958619722222222,1.0,10
lightgbm,wild_b,23,imports,32,js_divergence,0.07708134432185557,0.4,10
lightgbm,wild_b,23,imports,32,same_family_rate_at_10,0.45939903858782427,0.0,10
lightgbm,wild_b,23,imports,64,auc,0.8430441948333331,0.0,10
lightgbm,wild_b,23,imports,64,mix_at_10,0.24594550000000007,1.0,10
lightgbm,wild_b,23,imports,64,js_divergence,0.06944220182457239,0.5,10
lightgbm,wild_b,23,imports,64,same_family_rate_at_10,0.5267860128603835,0.0,10
lightgbm,wild_b,23,section,16,auc,0.885319955962963,0.8,10
lightgbm,wild_b,23,section,16,mix_at_10,0.1991531666666667,0.3,10
lightgbm,wild_b,23,section,16,js_divergence,0.21189634546796174,0.9,10
lightgbm,wild_b,23,section,16,same_family_rate_at_10,0.507604723758882,0.6,10
lightgbm,wild_b,23,section,32,auc,0.9497287813148148,0.9,10
lightgbm,wild_b,23,section,32,mix_at_10,0.111473,0.0,10
lightgbm,wild_b,23,section,32,js_divergence,0.19401600576744865,0.5,10
lightgbm,wild_b,23,section,32,same_family_rate_at_10,0.6411214480138774,1.0,10
lightgbm,wild_b,23,section,64,auc,0.9715465914999999,1.0,10
lightgbm,wild_b,23,section,64,mix_at_10,0.08445441666666667,0.0,10
lightgbm,wild_b,23,section,64,js_divergence,0.11420902920907165,0.5,10
lightgbm,wild_b,23,section,64,same_family_rate_at_10,0.6706259483092,1.0,10
lightgbm,wild_b,23,strings,16,auc,0.9372374724074074,1.0,10
lightgbm,wild_b,23,strings,16,mix_at_10,0.13316450000000002,0.0,10
lightgbm,wild_b,23,strings,16,js_divergence,0.021430609142909268,0.3,10
lightgbm,wild_b,23,strings,16,same_family_rate_at_10,0.5996354715771096,0.9,10
lightgbm,wild_b,23,strings,32,auc,0.9587900975740741,1.0,10
lightgbm,wild_b,23,strings,32,mix_at_10,0.11077522222222222,0.0,10
lightgbm,wild_b,23,strings,32,js_divergence,0.01560239583781362,0.3,10
lightgbm,wild_b,23,strings,32,same_family_rate_at_10,0.627500302919881,0.9,10
lightgbm,wild_b,23,strings,64,auc,0.9698931049999999,1.0,10
lightgbm,wild_b,23,strings,64,mix_at_10,0.09626161111111112,0.1,10
lightgbm,wild_b,23,strings,64,js_divergence,0.025967102926924855,0.3,10
lightgbm,wild_b,23,strings,64,same_family_rate_at_10,0.6430384365571248,0.3,10
lightgbm,wild_b,29,header,16,auc,0.950018845,1.0,10
lightgbm,wild_b,29,header,16,mix_at_10,0.11840536111111111,0.0,10
lightgbm,wild_b,29,header,16,js_divergence,0.08871191992951592,0.8,10
lightgbm,wild_b,29,header,16,same_family_rate_at_10,0.6515697817625705,1.0,10
lightgbm,wild_b,29,header,32,auc,0.9658361956851852,1.0,10
lightgbm,wild_b,29,header,32,mix_at_10,0.0931031388888889,0.0,10
lightgbm,wild_b,29,header,32,js_divergence,0.10587690286421195,0.8,10
lightgbm,wild_b,29,header,32,same_family_rate_at_10,0.677322211367263,1.0,10
lightgbm,wild_b,29,header,64,auc,0.9806347505185184,1.0,10
lightgbm,wild_b,29,header,64,mix_at_10,0.07179708333333333,0.0,10
lightgbm,wild_b,29,header,64,js_divergence,0.09476460652437814,0.4,10
lightgbm,wild_b,29,header,64,same_family_rate_at_10,0.70493414219698,1.0,10
lightgbm,wild_b,29,imports,16,auc,0.7265331590555555,0.0,10
lightgbm,wild_b,29,imports,16,mix_at_10,0.36293105555555555,1.0,10
lightgbm,wild_b,29,imports,16,js_divergence,0.07474704976346827,0.8,10
lightgbm,wild_b,29,imports,16,same_family_rate_at_10,0.34603233674932277,0.1,10
lightgbm,wild_b,29,imports,32,auc,0.7869910820925927,0.0,10
lightgbm,wild_b,29,imports,32,mix_at_10,0.30563852777777784,1.0,10
lightgbm,wild_b,29,imports,32,js_divergence,0.06840594916872937,0.7,10
lightgbm,wild_b,29,imports,32,same_family_rate_at_10,0.43624506095066734,0.0,10
lightgbm,wild_b,29,imports,64,auc,0.8558206501851853,0.0,10
lightgbm,wild_b,29,imports,64,mix_at_10,0.2269425,1.0,10
lightgbm,wild_b,29,imports,64,js_divergence,0.05058904523953681,0.1,10
lightgbm,wild_b,29,imports,64,same_family_rate_at_10,0.5451329186468716,0.0,10
lightgbm,wild_b,29,section,16,auc,0.901327206611111,0.4,10
lightgbm,wild_b,29,section,16,mix_at_10,0.1709026111111111,0.3,10
lightgbm,wild_b,29,section,16,js_divergence,0.11273780274236386,0.9,10
lightgbm,wild_b,29,section,16,same_family_rate_at_10,0.5700661799471753,0.7,10
lightgbm,wild_b,29,section,32,auc,0.9489727547407407,0.7,10
lightgbm,wild_b,29,section,32,mix_at_10,0.12096105555555556,0.3,10
lightgbm,wild_b,29,section,32,js_divergence,0.15809052051390743,0.8,10
lightgbm,wild_b,29,section,32,same_family_rate_at_10,0.6250181947699103,0.5,10
lightgbm,wild_b,29,section,64,auc,0.9750719811666668,1.0,10
lightgbm,wild_b,29,section,64,mix_at_10,0.08278383333333332,0.0,10
lightgbm,wild_b,29,section,64,js_divergence,0.14426675432921982,0.6,10
lightgbm,wild_b,29,section,64,same_family_rate_at_10,0.6756881747688078,1.0,10
lightgbm,wild_b,29,strings,16,auc,0.9416242303148147,1.0,10
lightgbm,wild_b,29,strings,16,mix_at_10,0.13177600000000003,0.1,10
lightgbm,wild_b,29,strings,16,js_divergence,0.03201821229835798,0.8,10
lightgbm,wild_b,29,strings,16,same_family_rate_at_10,0.5927767897853471,0.8,10
lightgbm,wild_b,29,strings,32,auc,0.9596172463518519,0.9,10
lightgbm,wild_b,29,strings,32,mix_at_10,0.11174188888888889,0.1,10
lightgbm,wild_b,29,strings,32,js_divergence,0.023170847063643595,0.4,10
lightgbm,wild_b,29,strings,32,same_family_rate_at_10,0.6244864130582718,0.5,10
lightgbm,wild_b,29,strings,64,auc,0.9697967685555555,1.0,10
lightgbm,wild_b,29,strings,64,mix_at_10,0.09823066666666666,0.0,10
lightgbm,wild_b,29,strings,64,js_divergence,0.01014704476557383,0.0,10
lightgbm,wild_b,29,strings,64,same_family_rate_at_10,0.6398716373111185,0.1,10
lightgbm,wild_b,31,header,16,auc,0.9283345042777776,0.9,10
lightgbm,wild_b,31,header,16,mix_at_10,0.1494098888888889,0.0,10
lightgbm,wild_b,31,header,16,js_divergence,0.07344353176070546,0.4,10
lightgbm,wild_b,31,header,16,same_family_rate_at_10,0.5835736462221134,0.8,10
lightgbm,wild_b,31,header,32,auc,0.9693916491851853,1.0,10
lightgbm,wild_b,31,header,32,mix_at_10,0.0881611111111111,0.0,10
lightgbm,wild_b,31,header,32,js_divergence,0.05678384662265212,0.6,10
lightgbm,wild_b,31,header,32,same_family_rate_at_10,0.6893166711645831,1.0,10
lightgbm,wild_b,31,header,64,auc,0.9803944308518519,0.9,10
lightgbm,wild_b,31,header,64,mix_at_10,0.07233563888888889,0.0,10
lightgbm,wild_b,31,header,64,js_divergence,0.0806485517611339,0.5,10
lightgbm,wild_b,31,header,64,same_family_rate_at_10,0.7053596675538256,1.0,10
lightgbm,wild_b,31,imports,16,auc,0.7156534569814814,0.1,10
lightgbm,wild_b,31,imports,16,mix_at_10,0.37492030555555556,0.9,10
lightgbm,wild_b,31,imports,16,js_divergence,0.07145808069530359,0.4,10
lightgbm,wild_b,31,imports,16,same_family_rate_at_10,0.3332591967162931,0.1,10
lightgbm,wild_b,31,imports,32,auc,0.788799367537037,0.0,10
lightgbm,wild_b,31,imports,32,mix_at_10,0.30250444444444446,1.0,10
lightgbm,wild_b,31,imports,32,js_divergence,0.06970960467756541,0.6,10
lightgbm,wild_b,31,imports,32,same_family_rate_at_10,0.45018507022184534,0.0,10
lightgbm,wild_b,31,imports,64,auc,0.8420674492222222,0.0,10
lightgbm,wild_b,31,imports,64,mix_at_10,0.24445175,1.0,10
lightgbm,wild_b,31,imports,64,js_divergence,0.06372981955079168,0.4,10
lightgbm,wild_b,31,imports,64,same_family_rate_at_10,0.5299214258245091,0.0,10
lightgbm,wild_b,31,section,16,auc,0.8944283556851851,0.7,10
lightgbm,wild_b,31,section,16,mix_at_10,0.17899958333333332,0.3,10
lightgbm,wild_b,31,section,16,js_divergence,0.13341549732263056,0.5,10
lightgbm,wild_b,31,section,16,same_family_rate_at_10,0.550547727984256,0.6,10
lightgbm,wild_b,31,section,32,auc,0.9581572866296296,0.9,10
lightgbm,wild_b,31,section,32,mix_at_10,0.10525316666666666,0.1,10
lightgbm,wild_b,31,section,32,js_divergence,0.1831635397160411,0.7,10
lightgbm,wild_b,31,section,32,same_family_rate_at_10,0.6398835994083912,1.0,10
lightgbm,wild_b,31,section,64,auc,0.9713597166481481,0.8,10
lightgbm,wild_b,31,section,64,mix_at_10,0.08616225,0.1,10
lightgbm,wild_b,31,section,64,js_divergence,0.17436834585830185,0.5,10
lightgbm,wild_b,31,section,64,same_family_rate_at_10,0.6724964761997565,0.9,10
lightgbm,wild_b,31,strings,16,auc,0.9350293613703705,1.0,10
lightgbm,wild_b,31,strings,16,mix_at_10,0.1369576388888889,0.0,10
lightgbm,wild_b,31,strings,16,js_divergence,0.017515326547633332,0.2,10
lightgbm,wild_b,31,strings,16,same_family_rate_at_10,0.5928428915622486,0.8,10
lightgbm,wild_b,31,strings,32,auc,0.9575534943333335,0.9,10
lightgbm,wild_b,31,strings,32,mix_at_10,0.11093236111111111,0.1,10
lightgbm,wild_b,31,strings,32,js_divergence,0.020956671231977884,0.6,10
lightgbm,wild_b,31,strings,32,same_family_rate_at_10,0.6245041529245281,0.8,10
lightgbm,wild_b,31,strings,64,auc,0.9694639630740742,0.8,10
lightgbm,wild_b,31,strings,64,mix_at_10,0.09652091666666666,0.3,10
lightgbm,wild_b,31,strings,64,js_divergence,0.014130942354527627,0.2,10
lightgbm,wild_b,31,strings,64,same_family_rate_at_10,0.6393238584307417,0.3,10
