seed,feature_group,density_bin,n_samples,auc,acc,positive_rate,mean_probability,silhouette,js_divergence,density_q25,density_q75
13,all,high_density,10000,0.9974758568667232,0.9511,0.3405,0.3483190162974127,0.2787728011608124,0.06484397131006354,-0.3718220591545105,-0.012021884322166443
13,all,mid_density,20000,0.989177533548146,0.9411,0.5936,0.5989798971301349,0.055887915194034576,0.08456227412154156,-0.3718220591545105,-0.012021884322166443
13,all,low_density,10000,0.9628977880169276,0.9129,0.3237,0.3308008137346173,-0.005125772207975388,0.08581096437190211,-0.3718220591545105,-0.012021884322166443
13,header,high_density,10000,0.9994215082170942,0.9886,0.7207,0.7153042072261453,0.4654884338378906,0.16352374604021985,-0.019815033301711082,-2.7935207981499843e-05
13,header,mid_density,19999,0.9657712799826054,0.8992449622481125,0.30731536576828844,0.31953038447204657,0.1137532964348793,0.07660461589111436,-0.019815033301711082,-2.7935207981499843e-05
13,header,low_density,10001,0.9511663174783975,0.8735126487351265,0.533046695330467,0.5446795422174237,0.02585282176733017,0.07353439831465061,-0.019815033301711082,-2.7935207981499843e-05
13,section,high_density,10000,0.9983477351521699,0.9685,0.4309,0.4350503448930768,0.3007655739784241,0.0707943375800392,-0.026012269780039787,-0.0003728047013282776
13,section,mid_density,20000,0.9639150123081821,0.89005,0.37355,0.4049887572560788,0.0866113007068634,0.1016411756532622,-0.026012269780039787,-0.0003728047013282776
13,section,low_density,10000,0.9549662224318906,0.8896,0.6768,0.6771486584954761,-0.04847537726163864,0.2313334520471449,-0.026012269780039787,-0.0003728047013282776
13,imports,high_density,16615,0.8742792062187551,0.8536864279265723,0.3783930183569064,0.5750823920844362,0.2095516324043274,0.08540555643413406,-0.3076985478401184,-1.7881393432617188e-07
13,imports,mid_density,13385,0.9652664033965552,0.8954800149420994,0.6245797534553604,0.6401131265034216,0.12080124020576477,0.03648798493452603,-0.3076985478401184,-1.7881393432617188e-07
13,imports,low_density,10000,0.9015077400270685,0.8619,0.238,0.24577251796864993,-0.051205310970544815,0.016130868475569337,-0.3076985478401184,-1.7881393432617188e-07
13,strings,high_density,10000,0.9973231007392591,0.9662,0.3409,0.33856199531715647,0.22581815719604492,0.0005215039455200544,-0.2656893730163574,-0.02358017861843109
13,strings,mid_density,20000,0.9648693584770831,0.89705,0.55085,0.5587902883084884,0.01754853129386902,0.0003450260904541516,-0.2656893730163574,-0.02358017861843109
13,strings,low_density,10000,0.9407541324246761,0.8719,0.4404,0.4536741339684959,0.0401550717651844,0.003216900117092746,-0.2656893730163574,-0.02358017861843109
42,all,high_density,10000,0.9970053865503367,0.9635,0.3511,0.34502225114674245,0.280383437871933,0.07274073413248064,-0.37351343035697937,-0.01263484824448824
42,all,mid_density,20000,0.9880381280691054,0.94025,0.60885,0.6093603899483045,0.05512198433279991,0.08059859420365134,-0.37351343035697937,-0.01263484824448824
42,all,low_density,10000,0.9639459625751674,0.9152,0.3266,0.33222711542618344,-0.00427962513640523,0.08132409289133632,-0.37351343035697937,-0.01263484824448824
42,header,high_density,10000,0.9995261817396937,0.9894,0.7117,0.7053624561558454,0.4632881283760071,0.1640587769667892,-0.02038593217730522,-2.6582181817502715e-05
42,header,mid_density,20000,0.9612117112898009,0.8947,0.30825,0.32489993457706196,0.1132206916809082,0.0767408201810282,-0.02038593217730522,-2.6582181817502715e-05
42,header,low_density,10000,0.9527126125790691,0.881,0.5538,0.5602929786448394,0.028392905369400978,0.06989728925869429,-0.02038593217730522,-2.6582181817502715e-05
42,section,high_density,10000,0.9985624086476369,0.969,0.4356,0.4387878428841951,0.2908208966255188,0.06991182205891971,-0.025644216686487198,-0.0003328457532916218
42,section,mid_density,20000,0.965568416462839,0.88885,0.34815,0.37247111388000576,0.08759112656116486,0.1065441033157239,-0.025644216686487198,-0.0003328457532916218
42,section,low_density,10000,0.9536149881143038,0.8946,0.6904,0.6832055029512089,-0.054340660572052,0.20597370190399464,-0.025644216686487198,-0.0003328457532916218
42,imports,high_density,13519,0.8130953115183193,0.8271321843331607,0.25061025223759154,0.47770582876725065,0.25980252027511597,0.07949916628136276,-0.30642804503440857,0.0
42,imports,mid_density,16481,0.971138058900652,0.9095928645106486,0.6725320065530004,0.6808138231335029,0.13394007086753845,0.04184971724599821,-0.30642804503440857,0.0
42,imports,low_density,10000,0.8980679862682784,0.8559,0.2212,0.240111139523855,-0.050733380019664764,0.016885791917944433,-0.30642804503440857,0.0
42,strings,high_density,10000,0.9979016683176923,0.9621,0.3387,0.34058316924059945,0.23145873844623566,0.0007917263638808791,-0.2652552127838135,-0.023597685620188713
42,strings,mid_density,20000,0.9642181703062782,0.90535,0.56455,0.5658009666028379,0.016228845342993736,0.0002467899298296918,-0.2652552127838135,-0.023597685620188713
42,strings,low_density,10000,0.9462462977483351,0.8868,0.43,0.4337526265392502,0.04109639301896095,0.0009092323743560239,-0.2652552127838135,-0.023597685620188713
77,all,high_density,10000,0.9975783679830571,0.964,0.3558,0.35674183813995153,0.27830687165260315,0.06417934793949048,-0.3707100450992584,-0.012307250872254372
77,all,mid_density,20000,0.9894110984365997,0.9446,0.602,0.605732268003592,0.05371050909161568,0.07963318730969027,-0.3707100450992584,-0.012307250872254372
77,all,low_density,10000,0.9648830383918031,0.9157,0.3299,0.3358700534546084,-0.005698519758880138,0.08572781088080378,-0.3707100450992584,-0.012307250872254372
77,header,high_density,10000,0.9994476612792047,0.9867,0.7205,0.7069684049313857,0.45888662338256836,0.1502158536551925,-0.020695006474852562,-2.708435022213962e-05
77,header,mid_density,20000,0.9658294438873282,0.89985,0.3014,0.31389601263059047,0.10477598011493683,0.0754751503145966,-0.020695006474852562,-2.708435022213962e-05
77,header,low_density,10000,0.9517260086119619,0.8783,0.5394,0.5422569485073131,0.02463316172361374,0.07158596144432328,-0.020695006474852562,-2.708435022213962e-05
77,section,high_density,10000,0.9975954043835212,0.9664,0.4315,0.43011375980574573,0.2976672947406769,0.05168213489530286,-0.025627873837947845,-0.00034250615863129497
77,section,mid_density,20000,0.965536113764769,0.8915,0.37255,0.38763540934812724,0.08168147504329681,0.11932704018828862,-0.025627873837947845,-0.00034250615863129497
77,section,low_density,10000,0.9522069487681375,0.8938,0.6706,0.6702273048583098,-0.04783206060528755,0.21159191919494946,-0.025627873837947845,-0.00034250615863129497
77,imports,high_density,14189,0.8460537455044694,0.8328987243639439,0.2881809852702798,0.5056575975009117,0.26270267367362976,0.08418283945356964,-0.3051968812942505,0.0
77,imports,mid_density,15811,0.9622618969858538,0.8778698374549364,0.614761874644235,0.6460735320947971,0.13380016386508942,0.03893209896025339,-0.3051968812942505,0.0
77,imports,low_density,10000,0.902699989959773,0.8664,0.2295,0.24322433584729988,-0.05707046017050743,0.016137806150245404,-0.3051968812942505,0.0
77,strings,high_density,10000,0.9974446420623081,0.9595,0.326,0.32778855398298784,0.22804699838161469,0.0005384609326519463,-0.2650805413722992,-0.023305175825953484
77,strings,mid_density,20000,0.9688338800027272,0.8962,0.54025,0.5475117589909693,0.019252106547355652,0.0004870337350783031,-0.2650805413722992,-0.023305175825953484
77,strings,low_density,10000,0.9331558474171758,0.8652,0.404,0.4149763301791171,0.03993482515215874,0.001883517174403469,-0.2650805413722992,-0.023305175825953484
123,all,high_density,10000,0.9970007015236924,0.9514,0.3261,0.33707598217520024,0.2828742563724518,0.0652269930717846,-0.3729471266269684,-0.012362973764538765
123,all,mid_density,20000,0.9884098292891786,0.94845,0.6142,0.6173388787288476,0.05559973046183586,0.08424395447002794,-0.3729471266269684,-0.012362973764538765
123,all,low_density,10000,0.9639754980557191,0.9155,0.3375,0.34306970955441507,-0.005351390689611435,0.07952109438390897,-0.3729471266269684,-0.012362973764538765
123,header,high_density,10000,0.9995563148159459,0.9879,0.7072,0.7016956035685329,0.4575924873352051,0.16191850467575472,-0.020682187750935555,-2.9525161153287627e-05
123,header,mid_density,20000,0.9640197116967559,0.8978,0.28335,0.2950785519755456,0.11429297924041748,0.07467210045540046,-0.020682187750935555,-2.9525161153287627e-05
123,header,low_density,10000,0.9507196817537329,0.8714,0.54,0.5431005704648052,0.028641076758503914,0.07289664423425102,-0.020682187750935555,-2.9525161153287627e-05
123,section,high_density,10000,0.9979684566851743,0.9682,0.4145,0.4194819456762118,0.30633699893951416,0.04627320766824396,-0.02682734653353691,-0.00036983488826081157
123,section,mid_density,20000,0.9653936863334567,0.8915,0.3633,0.3903231253632169,0.08575398474931717,0.08682900803412436,-0.02682734653353691,-0.00036983488826081157
123,section,low_density,10000,0.9532507820579114,0.8911,0.6814,0.6839647725809056,-0.05541867017745972,0.24791250568401696,-0.02682734653353691,-0.00036983488826081157
123,imports,high_density,18624,0.8951345068035579,0.8578178694158075,0.41349871134020616,0.6061110870503718,0.18523533642292023,0.07706694045498554,-0.30310285091400146,-6.556510925292969e-07
123,imports,mid_density,11376,0.9565797235881532,0.8910864978902954,0.6126054852320675,0.6241559034918578,0.0983036682009697,0.02819372098582784,-0.30310285091400146,-6.556510925292969e-07
123,imports,low_density,10000,0.9016747909767191,0.8593,0.2344,0.26375666137843395,-0.05327966809272766,0.01804707811736453,-0.30310285091400146,-6.556510925292969e-07
123,strings,high_density,10000,0.9972684641388315,0.9549,0.31,0.31428685282991975,0.2248830795288086,0.0007043823090318085,-0.26612362265586853,-0.023892085999250412
123,strings,mid_density,20000,0.9646072787825952,0.8996,0.5554,0.5611738715179694,0.015626104548573494,0.00018334869669722997,-0.26612362265586853,-0.023892085999250412
123,strings,low_density,10000,0.9352940930674463,0.8649,0.432,0.4473959547840541,0.03685508668422699,0.00045457794188213745,-0.26612362265586853,-0.023892085999250412
2024,all,high_density,10000,0.9971167402026299,0.9617,0.3478,0.34966977619168427,0.27828118205070496,0.06485501045629179,-0.37138471007347107,-0.011867053806781769
2024,all,mid_density,20000,0.986911013509364,0.9401,0.6125,0.6159474220300291,0.052518196403980255,0.08171581512312967,-0.37138471007347107,-0.011867053806781769
2024,all,low_density,10000,0.9655690933046043,0.9145,0.332,0.34107061394841337,-0.005000702105462551,0.08160562207139874,-0.37138471007347107,-0.011867053806781769
2024,header,high_density,10002,0.9992619965877647,0.9862027594481104,0.7280543891221756,0.7217887483785114,0.4486245810985565,0.16079580047581815,-0.020015649497509003,-2.79843807220459e-05
2024,header,mid_density,19998,0.9659447539635784,0.8983398339833983,0.28862886288628864,0.3054958928742706,0.11091771721839905,0.07694168144542021,-0.020015649497509003,-2.79843807220459e-05
2024,header,low_density,10000,0.9488077198679767,0.8715,0.5452,0.5507207973397128,0.02784285880625248,0.07097874093537511,-0.020015649497509003,-2.79843807220459e-05
2024,section,high_density,10000,0.99811451283579,0.967,0.4351,0.43385247941330973,0.29232051968574524,0.06505073341488657,-0.024906868115067482,-0.00037859531585127115
2024,section,mid_density,20000,0.9656869908558453,0.89725,0.37155,0.38510981046497245,0.08673331886529922,0.09187869067357468,-0.024906868115067482,-0.00037859531585127115
2024,section,low_density,10000,0.9557133251759369,0.901,0.6829,0.6835722210597163,-0.05354924499988556,0.19630961152258392,-0.024906868115067482,-0.00037859531585127115
2024,imports,high_density,14877,0.851191181575357,0.8492975734355045,0.3466424682395644,0.559277465272989,0.2594029903411865,0.0911776519357331,-0.3003688454627991,0.0
2024,imports,mid_density,15121,0.9616907891342964,0.8880365055221215,0.623106937371867,0.6295312506862385,0.09313968569040298,0.029526416471801778,-0.3003688454627991,0.0
2024,imports,low_density,10002,0.9023421808028275,0.8658268346330734,0.23715256948610278,0.24161454114725625,-0.05847571790218353,0.01769025579130365,-0.3003688454627991,0.0
2024,strings,high_density,10000,0.9968515154783735,0.9597,0.3381,0.3363326263148852,0.2227897197008133,0.00048320750593824186,-0.2641623616218567,-0.022496618330478668
2024,strings,mid_density,20000,0.9642039736141327,0.8977,0.56335,0.5643592204969929,0.0180746391415596,0.000516870210010039,-0.2641623616218567,-0.022496618330478668
2024,strings,low_density,10000,0.9396498940426369,0.8696,0.4421,0.4551157783042012,0.041596245020627975,0.0025625374410272422,-0.2641623616218567,-0.022496618330478668
