seed,scope,feature_group,metric,mean,std,min,max
13,metric,header,acc,0.9332520833333334,0.010081663730574874,0.916825,0.948275
13,metric,header,f1,0.9310364799661462,0.0110007445042552,0.9120376490495201,0.9471128038649319
13,metric,header,auc,0.9835936477083332,0.00420614780333776,0.976515865,0.98962385875
13,metric,header,positive_rate,0.4692020833333334,0.010286871985353739,0.445575,0.483825
13,metric,header,score_std,0.4377842635632536,0.009039004285438024,0.4265295560484857,0.45435570656560814
13,metric,header,degenerate_prediction,0.0,0.0,0.0,0.0
13,metric,header,mix_at_k,0.08152176215277777,0.013267141690725225,0.055815,0.1034425
13,metric,header,silhouette,0.11698241866336219,0.038742455913964045,0.06832454133074779,0.1990746682013069
13,metric,header,js_divergence,0.0817729430230255,0.012599051329152981,0.061188087026957175,0.10080397314125852
13,rank,header,auc_rank,3.0,0.0,3.0,3.0
13,rank,header,acc_rank,3.0,0.0,3.0,3.0
13,rank,header,mix_at_k_rank,2.0833333333333335,0.7021791477646965,1.0,3.0
13,rank,header,silhouette_rank,1.0,0.0,1.0,1.0
13,rank,header,js_divergence_rank,2.8333333333333335,0.3726779962499649,2.0,3.0
13,metric,section,acc,0.9441041666666666,0.00834163648845689,0.93215,0.9559
13,metric,section,f1,0.9426750395487922,0.008706322097134874,0.92961253177032,0.9549540347293156
13,metric,section,auc,0.9892054492708334,0.0028452927271596863,0.9843860625,0.9931251887499999
13,metric,section,positive_rate,0.4754791666666667,0.005706281565569261,0.46395,0.48375
13,metric,section,score_std,0.4373055694634685,0.008992737895920108,0.42588925184875337,0.4530932505301881
13,metric,section,degenerate_prediction,0.0,0.0,0.0,0.0
13,metric,section,mix_at_k,0.08270232638888889,0.014008088625981996,0.05638,0.10571125
13,metric,section,silhouette,0.07366394548617498,0.018069213472115174,0.05236187826692238,0.11661282082280176
13,metric,section,js_divergence,0.12138844311513856,0.039610824881072045,0.06397049816122019,0.2168778254599622
13,rank,section,auc_rank,2.0,0.0,2.0,2.0
13,rank,section,acc_rank,2.0,0.0,2.0,2.0
13,rank,section,mix_at_k_rank,2.625,0.5253966755382705,1.0,3.0
13,rank,section,silhouette_rank,2.0,0.0,2.0,2.0
13,rank,section,js_divergence_rank,1.3333333333333333,0.7453559924999298,1.0,3.0
13,metric,imports,acc,0.8716333333333331,0.016227783959069153,0.840125,0.894525
13,metric,imports,f1,0.8575477592974341,0.02115589137084129,0.8160506256292248,0.8857413676371022
13,metric,imports,auc,0.9338088693750001,0.00915345975768562,0.914607805,0.9446460050000001
13,metric,imports,positive_rate,0.40378749999999997,0.018605752078770337,0.369125,0.4252
13,metric,imports,score_std,0.3648376079645786,0.00789150385239525,0.3484831904093035,0.37801899997631216
13,metric,imports,degenerate_prediction,0.0,0.0,0.0,0.0
13,metric,imports,mix_at_k,0.16920041666666666,0.01841596957226142,0.11158,0.20098625
13,metric,imports,silhouette,0.03553040828140783,0.015894725534401157,0.021411324005986707,0.07666906488051152
13,metric,imports,js_divergence,0.03713624851459809,0.007949109379065847,0.02421196264680528,0.05281725352870709
13,rank,imports,auc_rank,5.0,0.0,5.0,5.0
13,rank,imports,acc_rank,5.0,0.0,5.0,5.0
13,rank,imports,mix_at_k_rank,5.0,0.0,5.0,5.0
13,rank,imports,silhouette_rank,4.666666666666667,0.6236095644623235,3.0,5.0
13,rank,imports,js_divergence_rank,4.0,0.0,4.0,4.0
13,metric,strings,acc,0.91473125,0.011550401891456723,0.89625,0.934
13,metric,strings,f1,0.9116857323713617,0.012290949549170099,0.8912245753826799,0.931867451223289
13,metric,strings,auc,0.9766175780208334,0.005761938265059418,0.96899012375,0.9867076850000001
13,metric,strings,positive_rate,0.46602291666666656,0.007860975993881992,0.4538,0.4786
13,metric,strings,score_std,0.388764321941869,0.012586479823212858,0.36789382224759637,0.4095927009802744
13,metric,strings,degenerate_prediction,0.0,0.0,0.0,0.0
13,metric,strings,mix_at_k,0.10209231770833334,0.016118773221934935,0.06829,0.12671875
13,metric,strings,silhouette,0.05053897788643439,0.014223604533409843,0.031497130270741885,0.08324492641986357
13,metric,strings,js_divergence,0.0005084842674943349,0.00020788274729432592,0.00029355564038819633,0.0009452682266101143
13,rank,strings,auc_rank,4.0,0.0,4.0,4.0
13,rank,strings,acc_rank,4.0,0.0,4.0,4.0
13,rank,strings,mix_at_k_rank,4.0,0.0,4.0,4.0
13,rank,strings,silhouette_rank,3.0833333333333335,0.2763853991962833,3.0,4.0
13,rank,strings,js_divergence_rank,5.0,0.0,5.0,5.0
13,metric,all,acc,0.9493708333333334,0.0070645449350180065,0.93705,0.960575
13,metric,all,f1,0.9480615270475393,0.00751181738454392,0.9342558746736292,0.9598451862602806
13,metric,all,auc,0.9914981950000001,0.0020737594868883774,0.987509645,0.9947124137499999
13,metric,all,positive_rate,0.47549166666666665,0.007030560768688528,0.4575,0.483175
13,metric,all,score_std,0.4222409645925767,0.010852879906692097,0.40817582729355434,0.44170461671453864
13,metric,all,degenerate_prediction,0.0,0.0,0.0,0.0
13,metric,all,mix_at_k,0.07989244791666666,0.01372106419400192,0.053555,0.10234875
13,metric,all,silhouette,0.039232395360146416,0.017594773371238104,0.020173415212643125,0.08310154272268297
13,metric,all,js_divergence,0.08222232344789454,0.012470475914755768,0.0615022047632488,0.10107935941052396
13,rank,all,auc_rank,1.0,0.0,1.0,1.0
13,rank,all,acc_rank,1.0,0.0,1.0,1.0
13,rank,all,mix_at_k_rank,1.2916666666666667,0.5758447900452189,1.0,3.0
13,rank,all,silhouette_rank,4.25,0.4330127018922193,4.0,5.0
13,rank,all,js_divergence_rank,1.8333333333333333,0.372677996249965,1.0,2.0
42,metric,header,acc,0.9327624999999999,0.010939323657490582,0.9163,0.947475
42,metric,header,f1,0.9304796229724045,0.011830248550546882,0.9131869559568663,0.9462920831309594
42,metric,header,auc,0.9837791172916667,0.004371725007272533,0.9751240375,0.989752105
42,metric,header,positive_rate,0.46844166666666665,0.0099839002343217,0.445725,0.483975
42,metric,header,score_std,0.4377670225486656,0.00906886935151768,0.4268015417466657,0.4548127906076244
42,metric,header,degenerate_prediction,0.0,0.0,0.0,0.0
42,metric,header,mix_at_k,0.08160866319444444,0.013531826528154529,0.054025,0.10408375
42,metric,header,silhouette,0.11723410961921048,0.03963452004090913,0.06835369753257801,0.20279649232774138
42,metric,header,js_divergence,0.08140412785179141,0.01251021167183346,0.060800673814961,0.09982019748926454
42,rank,header,auc_rank,3.0,0.0,3.0,3.0
42,rank,header,acc_rank,3.0,0.0,3.0,3.0
42,rank,header,mix_at_k_rank,2.2083333333333335,0.705878097754059,1.0,3.0
42,rank,header,silhouette_rank,1.0,0.0,1.0,1.0
42,rank,header,js_divergence_rank,2.9166666666666665,0.2763853991962833,2.0,3.0
42,metric,section,acc,0.9470645833333332,0.007021325094053736,0.9361,0.9577
42,metric,section,f1,0.9457978112884057,0.007222362719370272,0.934568912553758,0.9568235174032867
42,metric,section,auc,0.9895398038541666,0.00271097634944052,0.984603685,0.9934368712499999
42,metric,section,positive_rate,0.47676041666666663,0.005180346054372772,0.4667,0.4881
42,metric,section,score_std,0.4373413821936456,0.008668417531103123,0.4274635740685318,0.45316472893335635
42,metric,section,degenerate_prediction,0.0,0.0,0.0,0.0
42,metric,section,mix_at_k,0.08223448784722222,0.013912336700669587,0.05584,0.105715
42,metric,section,silhouette,0.07353423300377081,0.0182795182315192,0.052524193256149876,0.11695816275085992
42,metric,section,js_divergence,0.11985239493094739,0.040238189961613116,0.07051702489229586,0.23417991120241338
42,rank,section,auc_rank,2.0,0.0,2.0,2.0
42,rank,section,acc_rank,1.6666666666666667,0.4714045207910317,1.0,2.0
42,rank,section,mix_at_k_rank,2.5625,0.5739573880814963,1.0,3.0
42,rank,section,silhouette_rank,2.0,0.0,2.0,2.0
42,rank,section,js_divergence_rank,1.1666666666666667,0.5527707983925666,1.0,3.0
42,metric,imports,acc,0.8693520833333332,0.016516394816758755,0.839925,0.8955
42,metric,imports,f1,0.8544557971521929,0.021558975506205346,0.8152252330245577,0.8867454210469274
42,metric,imports,auc,0.9329195939583333,0.009210697868390044,0.9140653525,0.94292754375
42,metric,imports,positive_rate,0.40039374999999994,0.020328659277503606,0.365725,0.429775
42,metric,imports,score_std,0.3633649143758843,0.008399607218842245,0.3462383801506663,0.37605485595937194
42,metric,imports,degenerate_prediction,0.0,0.0,0.0,0.0
42,metric,imports,mix_at_k,0.17143622395833336,0.02677682341280394,0.109975,0.22857125
42,metric,imports,silhouette,0.03570130629270132,0.01625252509165444,0.021289945229214288,0.0781192130559892
42,metric,imports,js_divergence,0.03724271271442479,0.008001898124180791,0.02390193354153535,0.05363247201200757
42,rank,imports,auc_rank,5.0,0.0,5.0,5.0
42,rank,imports,acc_rank,5.0,0.0,5.0,5.0
42,rank,imports,mix_at_k_rank,5.0,0.0,5.0,5.0
42,rank,imports,silhouette_rank,4.75,0.4330127018922193,4.0,5.0
42,rank,imports,js_divergence_rank,4.0,0.0,4.0,4.0
42,metric,strings,acc,0.9128166666666667,0.011780122440884135,0.898275,0.934275
42,metric,strings,f1,0.909776542953252,0.012439911416167324,0.8936848431008805,0.932327730443512
42,metric,strings,auc,0.976024169375,0.0061807505210471425,0.9669346625,0.9870155537499999
42,metric,strings,positive_rate,0.46671666666666667,0.007943185846301779,0.454675,0.47955
42,metric,strings,score_std,0.38845391483716557,0.012880008160782486,0.36669004947679634,0.4105017397216175
42,metric,strings,degenerate_prediction,0.0,0.0,0.0,0.0
42,metric,strings,mix_at_k,0.1016001215277778,0.016048137032704888,0.068495,0.12697125
42,metric,strings,silhouette,0.051026444770224465,0.014451747215438472,0.03211300756532168,0.08406233551341229
42,metric,strings,js_divergence,0.0004679070515207673,0.00022670597614275775,0.0002634932591522163,0.0010678721289805282
42,rank,strings,auc_rank,4.0,0.0,4.0,4.0
42,rank,strings,acc_rank,4.0,0.0,4.0,4.0
42,rank,strings,mix_at_k_rank,4.0,0.0,4.0,4.0
42,rank,strings,silhouette_rank,3.0833333333333335,0.2763853991962833,3.0,4.0
42,rank,strings,js_divergence_rank,5.0,0.0,5.0,5.0
42,metric,all,acc,0.9478229166666666,0.007539524039556841,0.93525,0.959925
42,metric,all,f1,0.9464292439995932,0.007940213635327088,0.9337374581939799,0.9591602761713077
42,metric,all,auc,0.9914402940625,0.002355943575610105,0.98621743125,0.99495704
42,metric,all,positive_rate,0.47456875,0.00732591095729171,0.4568,0.4844
42,metric,all,score_std,0.42175750172292803,0.011165114239030332,0.40618207914603705,0.4422764889821637
42,metric,all,degenerate_prediction,0.0,0.0,0.0,0.0
42,metric,all,mix_at_k,0.07972737847222222,0.01378970497728361,0.0532,0.10215625
42,metric,all,silhouette,0.03937495300755665,0.017919268995681796,0.020147834125039486,0.08408425108021224
42,metric,all,js_divergence,0.08186391025518024,0.01239170068212452,0.06109456164874976,0.10022886760958007
42,rank,all,auc_rank,1.0,0.0,1.0,1.0
42,rank,all,acc_rank,1.3333333333333333,0.4714045207910317,1.0,2.0
42,rank,all,mix_at_k_rank,1.2291666666666667,0.46724294775012093,1.0,3.0
42,rank,all,silhouette_rank,4.166666666666667,0.5527707983925666,3.0,5.0
42,rank,all,js_divergence_rank,1.9166666666666667,0.2763853991962833,1.0,2.0
77,metric,header,acc,0.93099375,0.010977724249019011,0.916875,0.946925
77,metric,header,f1,0.9284564384690016,0.012003158494134664,0.9118434658111727,0.9455989750160154
77,metric,header,auc,0.9836011685416667,0.004654395815026174,0.9757108199999999,0.9901241125000001
77,metric,header,positive_rate,0.4660145833333334,0.010756860496588007,0.442925,0.48215
77,metric,header,score_std,0.43755396869867463,0.00907260459286579,0.4258744333629126,0.4541257956896679
77,metric,header,degenerate_prediction,0.0,0.0,0.0,0.0
77,metric,header,mix_at_k,0.08158286458333332,0.013084842149879981,0.056225,0.1029675
77,metric,header,silhouette,0.11803182954426517,0.03899600332118662,0.06989161707999032,0.20101606382223935
77,metric,header,js_divergence,0.08143641069350105,0.012945445755756547,0.062008154472991434,0.10044227523522836
77,rank,header,auc_rank,3.0,0.0,3.0,3.0
77,rank,header,acc_rank,3.0,0.0,3.0,3.0
77,rank,header,mix_at_k_rank,1.9791666666666667,0.7213870705491993,1.0,3.0
77,rank,header,silhouette_rank,1.0,0.0,1.0,1.0
77,rank,header,js_divergence_rank,2.8333333333333335,0.3726779962499649,2.0,3.0
77,metric,section,acc,0.9468833333333334,0.006589965014238616,0.936225,0.955875
77,metric,section,f1,0.9455561816564749,0.0069440195159059465,0.9346282961330498,0.9549618515399729
77,metric,section,auc,0.9894830229166667,0.0025919711463161968,0.9855060462499999,0.9931748525
77,metric,section,positive_rate,0.4760708333333334,0.005613913457255607,0.4638,0.483175
77,metric,section,score_std,0.43722970989338156,0.008687256641794072,0.4272107827647738,0.45231136977672703
77,metric,section,degenerate_prediction,0.0,0.0,0.0,0.0
77,metric,section,mix_at_k,0.08258326388888888,0.014049030991161124,0.05701,0.10730125
77,metric,section,silhouette,0.07394098650015395,0.018182479522707334,0.053158656219042574,0.11691279399611842
77,metric,section,js_divergence,0.11620066691158253,0.04013184340371229,0.06540370088920341,0.23061789477051703
77,rank,section,auc_rank,2.0,0.0,2.0,2.0
77,rank,section,acc_rank,1.8333333333333333,0.37267799624996495,1.0,2.0
77,rank,section,mix_at_k_rank,2.7083333333333335,0.49826086429589156,1.0,3.0
77,rank,section,silhouette_rank,2.0,0.0,2.0,2.0
77,rank,section,js_divergence_rank,1.3333333333333333,0.7453559924999298,1.0,3.0
77,metric,imports,acc,0.8725229166666666,0.016684409696172135,0.8382,0.8953
77,metric,imports,f1,0.8585614524651889,0.021858820060976076,0.8128397917871603,0.8865286658718977
77,metric,imports,auc,0.9339123709375,0.008893777394902422,0.9156015237500001,0.944218545
77,metric,imports,positive_rate,0.4042354166666667,0.019903602213579057,0.3645,0.42705
77,metric,imports,score_std,0.3646049925161761,0.008086226371037768,0.3479075133679537,0.3770027155981121
77,metric,imports,degenerate_prediction,0.0,0.0,0.0,0.0
77,metric,imports,mix_at_k,0.1779593402777778,0.02472475788691958,0.11334,0.233235
77,metric,imports,silhouette,0.03565886879427177,0.01571884915337312,0.021540182272976733,0.07583250965912632
77,metric,imports,js_divergence,0.03725580118182698,0.007942150804650423,0.02467995709971211,0.053917900403113166
77,rank,imports,auc_rank,5.0,0.0,5.0,5.0
77,rank,imports,acc_rank,5.0,0.0,5.0,5.0
77,rank,imports,mix_at_k_rank,5.0,0.0,5.0,5.0
77,rank,imports,silhouette_rank,4.666666666666667,0.6236095644623235,3.0,5.0
77,rank,imports,js_divergence_rank,4.0,0.0,4.0,4.0
77,metric,strings,acc,0.9129916666666668,0.012261649789304677,0.89435,0.93355
77,metric,strings,f1,0.909889476049521,0.013000426967482992,0.8892499606897636,0.9314064516129033
77,metric,strings,auc,0.9760784663541667,0.006200975952003579,0.9677778949999999,0.9866929449999999
77,metric,strings,positive_rate,0.46606250000000005,0.008038037825448026,0.45395,0.479475
77,metric,strings,score_std,0.3887974498915259,0.012735614797814458,0.3676543361610414,0.4098911337507077
77,metric,strings,degenerate_prediction,0.0,0.0,0.0,0.0
77,metric,strings,mix_at_k,0.10221432291666667,0.01622708633249342,0.069225,0.12721875
77,metric,strings,silhouette,0.051138013131127945,0.01415126185238203,0.03226440648972088,0.08264412173161552
77,metric,strings,js_divergence,0.0005282428260277575,0.0002298646475975862,0.00026105276929801516,0.0009694760641397785
77,rank,strings,auc_rank,4.0,0.0,4.0,4.0
77,rank,strings,acc_rank,4.0,0.0,4.0,4.0
77,rank,strings,mix_at_k_rank,4.0,0.0,4.0,4.0
77,rank,strings,silhouette_rank,3.0833333333333335,0.2763853991962833,3.0,4.0
77,rank,strings,js_divergence_rank,5.0,0.0,5.0,5.0
77,metric,all,acc,0.9490770833333334,0.007384100729025097,0.937425,0.961375
77,metric,all,f1,0.9476476647651079,0.007847800858578986,0.9344438333202378,0.9604990668064326
77,metric,all,auc,0.9914831695833334,0.002287302094107358,0.9869198437499999,0.99505796125
77,metric,all,positive_rate,0.4734020833333333,0.0070914888711554915,0.454525,0.480325
77,metric,all,score_std,0.42207976896290994,0.010866450657159086,0.4074570412675396,0.4415029520215578
77,metric,all,degenerate_prediction,0.0,0.0,0.0,0.0
77,metric,all,mix_at_k,0.08006169270833334,0.013771270795761579,0.053525,0.10191125
77,metric,all,silhouette,0.03928980106681443,0.017472170089611275,0.020622431372046446,0.08240982487210431
77,metric,all,js_divergence,0.08188658103014611,0.012828098426696011,0.06230277955215325,0.10077732658983209
77,rank,all,auc_rank,1.0,0.0,1.0,1.0
77,rank,all,acc_rank,1.1666666666666667,0.37267799624996495,1.0,2.0
77,rank,all,mix_at_k_rank,1.3125,0.5064685742143008,1.0,3.0
77,rank,all,silhouette_rank,4.25,0.4330127018922193,4.0,5.0
77,rank,all,js_divergence_rank,1.8333333333333333,0.372677996249965,1.0,2.0
123,metric,header,acc,0.9324770833333332,0.011271837409064643,0.91245,0.94845
123,metric,header,f1,0.9302049694356169,0.012372762245913878,0.9068567476993457,0.9473845368716509
123,metric,header,auc,0.9835831352083333,0.004546628154030844,0.9751476349999999,0.9898036437500001
123,metric,header,positive_rate,0.46917291666666666,0.011765590093278596,0.43995,0.483075
123,metric,header,score_std,0.43789343848273515,0.009157848529463457,0.42569453768473947,0.4545913880577121
123,metric,header,degenerate_prediction,0.0,0.0,0.0,0.0
123,metric,header,mix_at_k,0.0815359375,0.013178380190492603,0.055725,0.10302625
123,metric,header,silhouette,0.11741758981019527,0.03863647140474668,0.06929809151412712,0.1996288819956907
123,metric,header,js_divergence,0.08136752620768145,0.01250999600047908,0.06035469125537132,0.10071516214576348
123,rank,header,auc_rank,3.0,0.0,3.0,3.0
123,rank,header,acc_rank,3.0,0.0,3.0,3.0
123,rank,header,mix_at_k_rank,2.1041666666666665,0.6531839752746201,1.0,3.0
123,rank,header,silhouette_rank,1.0,0.0,1.0,1.0
123,rank,header,js_divergence_rank,2.8333333333333335,0.3726779962499649,2.0,3.0
123,metric,section,acc,0.9457583333333334,0.007959234242200835,0.93245,0.95765
123,metric,section,f1,0.9444574476925874,0.008295689393336114,0.9307463604675005,0.9568385650224215
123,metric,section,auc,0.9895989696875,0.0026893890880274503,0.98460625125,0.9933341175
123,metric,section,positive_rate,0.47700000000000004,0.005043611883693403,0.466125,0.483
123,metric,section,score_std,0.4366975002301709,0.008967889727803387,0.4259193784676592,0.452744520697256
123,metric,section,degenerate_prediction,0.0,0.0,0.0,0.0
123,metric,section,mix_at_k,0.08253708333333333,0.01387852560078204,0.056555,0.10557375
123,metric,section,silhouette,0.07404276080027661,0.01806935678000217,0.052866720136977664,0.11677124473743904
123,metric,section,js_divergence,0.11323251020299789,0.0351638210466206,0.06659210108272577,0.20741076535318703
123,rank,section,auc_rank,2.0,0.0,2.0,2.0
123,rank,section,acc_rank,2.0,0.0,2.0,2.0
123,rank,section,mix_at_k_rank,2.7083333333333335,0.49826086429589156,1.0,3.0
123,rank,section,silhouette_rank,2.0,0.0,2.0,2.0
123,rank,section,js_divergence_rank,1.3333333333333333,0.7453559924999298,1.0,3.0
123,metric,imports,acc,0.8720708333333332,0.01643146065648321,0.8405,0.8967
123,metric,imports,f1,0.8580603441671036,0.021346827800146472,0.8162548240308738,0.8883363960652902
123,metric,imports,auc,0.9338859423958333,0.008688627613481747,0.9161180275,0.9444344149999999
123,metric,imports,positive_rate,0.404075,0.019254274417212745,0.36805,0.426975
123,metric,imports,score_std,0.364876395349438,0.008188663608230746,0.34783525471614274,0.3784210123972637
123,metric,imports,degenerate_prediction,0.0,0.0,0.0,0.0
123,metric,imports,mix_at_k,0.17447255208333332,0.029914346973987243,0.10887,0.2237175
123,metric,imports,silhouette,0.03542134197151193,0.01572546125585491,0.021368676601053856,0.07620479178474891
123,metric,imports,js_divergence,0.037186160289616924,0.007909237444020438,0.024545835501873288,0.05317913641185408
123,rank,imports,auc_rank,5.0,0.0,5.0,5.0
123,rank,imports,acc_rank,5.0,0.0,5.0,5.0
123,rank,imports,mix_at_k_rank,5.0,0.0,5.0,5.0
123,rank,imports,silhouette_rank,4.666666666666667,0.6236095644623235,3.0,5.0
123,rank,imports,js_divergence_rank,4.0,0.0,4.0,4.0
123,metric,strings,acc,0.9143041666666667,0.01211514562323631,0.8947,0.93595
123,metric,strings,f1,0.9114661748456188,0.01279076235886029,0.8899053792670814,0.9341286573764591
123,metric,strings,auc,0.9756121345833333,0.0063640181264725615,0.96675575625,0.98658179
123,metric,strings,positive_rate,0.46838749999999996,0.007846439611908907,0.45645,0.482575
123,metric,strings,score_std,0.3876335813165283,0.013298311836043008,0.3650718946313196,0.4101337536878741
123,metric,strings,degenerate_prediction,0.0,0.0,0.0,0.0
123,metric,strings,mix_at_k,0.10193096354166668,0.01621450189810937,0.069275,0.12821875
123,metric,strings,silhouette,0.050529402114361695,0.014226066063816383,0.03163929388629674,0.08235894004843008
123,metric,strings,js_divergence,0.00047481116867606737,0.00016582609699221165,0.0002659732202910492,0.0007648140796609191
123,rank,strings,auc_rank,4.0,0.0,4.0,4.0
123,rank,strings,acc_rank,4.0,0.0,4.0,4.0
123,rank,strings,mix_at_k_rank,4.0,0.0,4.0,4.0
123,rank,strings,silhouette_rank,3.1666666666666665,0.3726779962499649,3.0,4.0
123,rank,strings,js_divergence_rank,5.0,0.0,5.0,5.0
123,metric,all,acc,0.9508770833333333,0.006844625768420242,0.938425,0.962125
123,metric,all,f1,0.9495691252142174,0.00730125541360781,0.935659987983595,0.9613747036177753
123,metric,all,auc,0.9914400070833334,0.002212457425414533,0.9868353225000001,0.9947354375
123,metric,all,positive_rate,0.4748020833333333,0.006992067367838272,0.457025,0.48145
123,metric,all,score_std,0.4213553850133061,0.011326918395091078,0.4057705246264691,0.44168446672759504
123,metric,all,degenerate_prediction,0.0,0.0,0.0,0.0
123,metric,all,mix_at_k,0.07993130208333334,0.01381563839948441,0.053475,0.1025925
123,metric,all,silhouette,0.03923576413019649,0.017411483869435786,0.020459058035180062,0.0823945184718449
123,metric,all,js_divergence,0.08181820308495041,0.012392786581601008,0.06064969021501569,0.10109806106333613
123,rank,all,auc_rank,1.0,0.0,1.0,1.0
123,rank,all,acc_rank,1.0,0.0,1.0,1.0
123,rank,all,mix_at_k_rank,1.1875,0.3903123748998999,1.0,2.0
123,rank,all,silhouette_rank,4.166666666666667,0.5527707983925666,3.0,5.0
123,rank,all,js_divergence_rank,1.8333333333333333,0.372677996249965,1.0,2.0
2024,metric,header,acc,0.9302229166666667,0.01119214037065247,0.9104,0.946075
2024,metric,header,f1,0.9276078347063573,0.012447519881430369,0.9044521460943749,0.9447701958776085
2024,metric,header,auc,0.9836461761458333,0.004264166346881336,0.9769821299999999,0.9897222387500002
2024,metric,header,positive_rate,0.46576875,0.012337882571744908,0.43775,0.482425
2024,metric,header,score_std,0.4386116148225943,0.009211590809622874,0.42665404511813765,0.45470960736742566
2024,metric,header,degenerate_prediction,0.0,0.0,0.0,0.0
2024,metric,header,mix_at_k,0.08120203125,0.013174207972304019,0.056395,0.10387
2024,metric,header,silhouette,0.11729205142140896,0.0389261438657694,0.06943466693615978,0.20026286237829918
2024,metric,header,js_divergence,0.0819241341263084,0.012521482868411886,0.062403186792601345,0.10003834776446219
2024,rank,header,auc_rank,3.0,0.0,3.0,3.0
2024,rank,header,acc_rank,3.0,0.0,3.0,3.0
2024,rank,header,mix_at_k_rank,2.0833333333333335,0.6400954789890507,1.0,3.0
2024,rank,header,silhouette_rank,1.0,0.0,1.0,1.0
2024,rank,header,js_divergence_rank,2.8333333333333335,0.3726779962499649,2.0,3.0
2024,metric,section,acc,0.9450041666666665,0.008584007861845298,0.930925,0.955625
2024,metric,section,f1,0.943580704259913,0.008988588311433001,0.9299637525031051,0.9547020543575347
2024,metric,section,auc,0.9893821004166666,0.0030279028463508616,0.98306629875,0.9930304237500001
2024,metric,section,positive_rate,0.47535,0.007063167372598022,0.461975,0.486275
2024,metric,section,score_std,0.43650164785066087,0.009247119556528223,0.42546466810349187,0.45247151497233634
2024,metric,section,degenerate_prediction,0.0,0.0,0.0,0.0
2024,metric,section,mix_at_k,0.08217289930555555,0.014091720440310682,0.05686,0.10739625
2024,metric,section,silhouette,0.0738243179359865,0.01819169249281082,0.052845734988740206,0.1171711570300041
2024,metric,section,js_divergence,0.11875991414001112,0.036489890080475,0.07175112036606798,0.21604159208567597
2024,rank,section,auc_rank,2.0,0.0,2.0,2.0
2024,rank,section,acc_rank,1.9166666666666667,0.2763853991962833,1.0,2.0
2024,rank,section,mix_at_k_rank,2.6875,0.5460559342533815,1.0,3.0
2024,rank,section,silhouette_rank,2.0,0.0,2.0,2.0
2024,rank,section,js_divergence_rank,1.3333333333333333,0.7453559924999298,1.0,3.0
2024,metric,imports,acc,0.8698145833333334,0.016416815116714594,0.836275,0.892525
2024,metric,imports,f1,0.854741840580919,0.0216158442261772,0.8099370229561482,0.8832142566080791
2024,metric,imports,auc,0.9300784597916666,0.00923252153472061,0.90967831,0.941248965
2024,metric,imports,positive_rate,0.39899375,0.01916353178620353,0.361425,0.420275
2024,metric,imports,score_std,0.36521075644125295,0.008023216828964666,0.3485316097280024,0.3781348600985097
2024,metric,imports,degenerate_prediction,0.0,0.0,0.0,0.0
2024,metric,imports,mix_at_k,0.17416625,0.023060241527068783,0.110975,0.2184925
2024,metric,imports,silhouette,0.035625892815640235,0.016054575262881995,0.021759360490338872,0.0772330415923714
2024,metric,imports,js_divergence,0.037258025564100176,0.007739022294094845,0.024954223674516985,0.05284324861252525
2024,rank,imports,auc_rank,5.0,0.0,5.0,5.0
2024,rank,imports,acc_rank,5.0,0.0,5.0,5.0
2024,rank,imports,mix_at_k_rank,5.0,0.0,5.0,5.0
2024,rank,imports,silhouette_rank,4.666666666666667,0.6236095644623235,3.0,5.0
2024,rank,imports,js_divergence_rank,4.0,0.0,4.0,4.0
2024,metric,strings,acc,0.9126208333333333,0.011978686946916265,0.89575,0.933125
2024,metric,strings,f1,0.9094655531802697,0.012623194871010266,0.8909632883589582,0.9309338772559449
2024,metric,strings,auc,0.975585249375,0.006582032228313364,0.96535429625,0.9862437424999999
2024,metric,strings,positive_rate,0.46550833333333336,0.008282721305357453,0.4547,0.47985
2024,metric,strings,score_std,0.38834680543087635,0.01278736974062691,0.3671437259752916,0.40968099642528377
2024,metric,strings,degenerate_prediction,0.0,0.0,0.0,0.0
2024,metric,strings,mix_at_k,0.10174473090277779,0.01625842053030108,0.07007,0.1289875
2024,metric,strings,silhouette,0.050463857512449924,0.014216015799147542,0.031749823440050194,0.08271219310061717
2024,metric,strings,js_divergence,0.0004923168344606803,0.00014818296771111405,0.00030175936406462737,0.0008142221788828379
2024,rank,strings,auc_rank,4.0,0.0,4.0,4.0
2024,rank,strings,acc_rank,4.0,0.0,4.0,4.0
2024,rank,strings,mix_at_k_rank,4.0,0.0,4.0,4.0
2024,rank,strings,silhouette_rank,3.1666666666666665,0.3726779962499649,3.0,4.0
2024,rank,strings,js_divergence_rank,5.0,0.0,5.0,5.0
2024,metric,all,acc,0.9475625000000001,0.007479322189655071,0.933325,0.958325
2024,metric,all,f1,0.9461067295241553,0.007838466005855922,0.9322769863639826,0.9573886148104599
2024,metric,all,auc,0.9910338179166667,0.0026486417883315244,0.9848893200000002,0.994424505
2024,metric,all,positive_rate,0.47346666666666665,0.007621743384700265,0.457225,0.484525
2024,metric,all,score_std,0.4218429490557871,0.011242662982008178,0.40697466483721073,0.4417910492268234
2024,metric,all,degenerate_prediction,0.0,0.0,0.0,0.0
2024,metric,all,mix_at_k,0.07931756944444444,0.01376674332078569,0.05406,0.10289875
2024,metric,all,silhouette,0.03929372296117264,0.01763805672937548,0.02040209027684454,0.0830623880648625
2024,metric,all,js_divergence,0.0823962333294266,0.012402839372863014,0.06271039636066501,0.10037833203765663
2024,rank,all,auc_rank,1.0,0.0,1.0,1.0
2024,rank,all,acc_rank,1.0833333333333333,0.2763853991962833,1.0,2.0
2024,rank,all,mix_at_k_rank,1.2291666666666667,0.46724294775012093,1.0,3.0
2024,rank,all,silhouette_rank,4.166666666666667,0.5527707983925666,3.0,5.0
2024,rank,all,js_divergence_rank,1.8333333333333333,0.372677996249965,1.0,2.0
