model,view,seed,family,dimension,metric,family_seed_mean,null_seed_mean,paired_difference
logistic_regression,wild_b,13,header,16,auc,0.8871059254444444,0.7420187167500001,0.14508720869444436
logistic_regression,wild_b,13,header,16,mix_at_10,0.11155452777777779,0.2456892777777778,-0.13413475000000002
logistic_regression,wild_b,13,header,16,js_divergence,0.04931514027491862,0.16308155226862986,-0.11376641199371124
logistic_regression,wild_b,13,header,16,same_family_rate_at_10,0.6476275613726867,0.45690399511219526,0.19072356626049147
logistic_regression,wild_b,13,header,32,auc,0.9256245665370371,0.8458890130370371,0.07973555349999994
logistic_regression,wild_b,13,header,32,mix_at_10,0.08789080555555555,0.14081749999999998,-0.052926694444444436
logistic_regression,wild_b,13,header,32,js_divergence,0.08758651738768444,0.08445178198167999,0.003134735406004452
logistic_regression,wild_b,13,header,32,same_family_rate_at_10,0.6865905522949092,0.6021809718438291,0.08440958045108005
logistic_regression,wild_b,13,header,64,auc,0.9459416611851854,0.8804989486666667,0.06544271251851874
logistic_regression,wild_b,13,header,64,mix_at_10,0.07087136111111111,0.10176875,-0.03089738888888889
logistic_regression,wild_b,13,header,64,js_divergence,0.08557426005025989,0.13763559322151636,-0.05206133317125647
logistic_regression,wild_b,13,header,64,same_family_rate_at_10,0.7063175687214042,0.6607090419737508,0.045608526747653366
logistic_regression,wild_b,13,imports,16,auc,0.6821355866851853,0.7420187167500001,-0.05988313006481483
logistic_regression,wild_b,13,imports,16,mix_at_10,0.3713272777777778,0.2456892777777778,0.125638
logistic_regression,wild_b,13,imports,16,js_divergence,0.07344126402478093,0.16308155226862986,-0.08964028824384893
logistic_regression,wild_b,13,imports,16,same_family_rate_at_10,0.308947271398172,0.45690399511219526,-0.14795672371402324
logistic_regression,wild_b,13,imports,32,auc,0.735340890888889,0.8458890130370371,-0.11054812214814813
logistic_regression,wild_b,13,imports,32,mix_at_10,0.28059419444444444,0.14081749999999998,0.13977669444444446
logistic_regression,wild_b,13,imports,32,js_divergence,0.05725379024319479,0.08445178198167999,-0.0271979917384852
logistic_regression,wild_b,13,imports,32,same_family_rate_at_10,0.47999081563784074,0.6021809718438291,-0.12219015620598839
logistic_regression,wild_b,13,imports,64,auc,0.7799127514074075,0.8804989486666667,-0.10058619725925921
logistic_regression,wild_b,13,imports,64,mix_at_10,0.24480066666666667,0.10176875,0.14303191666666665
logistic_regression,wild_b,13,imports,64,js_divergence,0.07317117332479049,0.13763559322151636,-0.06446441989672587
logistic_regression,wild_b,13,imports,64,same_family_rate_at_10,0.5248476435604712,0.6607090419737508,-0.1358613984132796
logistic_regression,wild_b,13,section,16,auc,0.751360026074074,0.7420187167500001,0.009341309324073954
logistic_regression,wild_b,13,section,16,mix_at_10,0.19295647222222223,0.2456892777777778,-0.05273280555555557
logistic_regression,wild_b,13,section,16,js_divergence,0.22610837246565474,0.16308155226862986,0.06302682019702488
logistic_regression,wild_b,13,section,16,same_family_rate_at_10,0.5256018702627634,0.45690399511219526,0.06869787515056813
logistic_regression,wild_b,13,section,32,auc,0.8177859726296297,0.8458890130370371,-0.02810304040740741
logistic_regression,wild_b,13,section,32,mix_at_10,0.11109305555555556,0.14081749999999998,-0.02972444444444443
logistic_regression,wild_b,13,section,32,js_divergence,0.1189695909404703,0.08445178198167999,0.03451780895879031
logistic_regression,wild_b,13,section,32,same_family_rate_at_10,0.6336441619358971,0.6021809718438291,0.031463190092067994
logistic_regression,wild_b,13,section,64,auc,0.8771502335185184,0.8804989486666667,-0.0033487151481482735
logistic_regression,wild_b,13,section,64,mix_at_10,0.08471413888888889,0.10176875,-0.017054611111111118
logistic_regression,wild_b,13,section,64,js_divergence,0.1590001496369892,0.13763559322151636,0.02136455641547283
logistic_regression,wild_b,13,section,64,same_family_rate_at_10,0.6753959650270754,0.6607090419737508,0.014686923053324641
logistic_regression,wild_b,13,strings,16,auc,0.7940907735,0.7420187167500001,0.05207205674999993
logistic_regression,wild_b,13,strings,16,mix_at_10,0.13523958333333336,0.2456892777777778,-0.11044969444444444
logistic_regression,wild_b,13,strings,16,js_divergence,0.019084927015469724,0.16308155226862986,-0.14399662525316015
logistic_regression,wild_b,13,strings,16,same_family_rate_at_10,0.5965319980289576,0.45690399511219526,0.13962800291676236
logistic_regression,wild_b,13,strings,32,auc,0.8406974086111113,0.8458890130370371,-0.005191604425925811
logistic_regression,wild_b,13,strings,32,mix_at_10,0.11094347222222223,0.14081749999999998,-0.029874027777777756
logistic_regression,wild_b,13,strings,32,js_divergence,0.00990879908000666,0.08445178198167999,-0.07454298290167333
logistic_regression,wild_b,13,strings,32,same_family_rate_at_10,0.6268550381611481,0.6021809718438291,0.024674066317318943
logistic_regression,wild_b,13,strings,64,auc,0.8766357926851851,0.8804989486666667,-0.0038631559814815697
logistic_regression,wild_b,13,strings,64,mix_at_10,0.09721038888888889,0.10176875,-0.004558361111111117
logistic_regression,wild_b,13,strings,64,js_divergence,0.004034559668824486,0.13763559322151636,-0.13360103355269187
logistic_regression,wild_b,13,strings,64,same_family_rate_at_10,0.6401741733491568,0.6607090419737508,-0.02053486862459397
logistic_regression,wild_b,17,header,16,auc,0.868892652625,0.723420630287037,0.14547202233796308
logistic_regression,wild_b,17,header,16,mix_at_10,0.13348166666666667,0.2783401111111111,-0.14485844444444446
logistic_regression,wild_b,17,header,16,js_divergence,0.1337903036843137,0.1978645159585679,-0.06407421227425422
logistic_regression,wild_b,17,header,16,same_family_rate_at_10,0.6137541457403639,0.41383445837692834,0.19991968736343557
logistic_regression,wild_b,17,header,32,auc,0.9154009838333333,0.7915359007777777,0.12386508305555566
logistic_regression,wild_b,17,header,32,mix_at_10,0.08774158333333333,0.14498247222222221,-0.05724088888888888
logistic_regression,wild_b,17,header,32,js_divergence,0.08496361086799968,0.13690369146722153,-0.05194008059922185
logistic_regression,wild_b,17,header,32,same_family_rate_at_10,0.6903625940067409,0.6059934722284689,0.08436912177827205
logistic_regression,wild_b,17,header,64,auc,0.9461634002962963,0.885602821962963,0.06056057833333328
logistic_regression,wild_b,17,header,64,mix_at_10,0.07112311111111111,0.10519816666666666,-0.03407505555555555
logistic_regression,wild_b,17,header,64,js_divergence,0.09313107415246726,0.11832330728776078,-0.02519223313529352
logistic_regression,wild_b,17,header,64,same_family_rate_at_10,0.7060238870498099,0.653072578648275,0.05295130840153495
logistic_regression,wild_b,17,imports,16,auc,0.681915190462963,0.723420630287037,-0.04150543982407395
logistic_regression,wild_b,17,imports,16,mix_at_10,0.36880030555555554,0.2783401111111111,0.09046019444444442
logistic_regression,wild_b,17,imports,16,js_divergence,0.05992666796489848,0.1978645159585679,-0.13793784799366943
logistic_regression,wild_b,17,imports,16,same_family_rate_at_10,0.3096871019650196,0.41383445837692834,-0.10414735641190875
logistic_regression,wild_b,17,imports,32,auc,0.7410603030555555,0.7915359007777777,-0.05047559772222221
logistic_regression,wild_b,17,imports,32,mix_at_10,0.28945180555555555,0.14498247222222221,0.14446933333333334
logistic_regression,wild_b,17,imports,32,js_divergence,0.06749013876000046,0.13690369146722153,-0.06941355270722108
logistic_regression,wild_b,17,imports,32,same_family_rate_at_10,0.4598537217701474,0.6059934722284689,-0.1461397504583215
logistic_regression,wild_b,17,imports,64,auc,0.7721111213333335,0.885602821962963,-0.11349170062962954
logistic_regression,wild_b,17,imports,64,mix_at_10,0.24870111111111112,0.10519816666666666,0.14350294444444445
logistic_regression,wild_b,17,imports,64,js_divergence,0.06690381648397051,0.11832330728776078,-0.05141949080379027
logistic_regression,wild_b,17,imports,64,same_family_rate_at_10,0.524436616642138,0.653072578648275,-0.12863596200613692
logistic_regression,wild_b,17,section,16,auc,0.7255916934351851,0.723420630287037,0.002171063148148189
logistic_regression,wild_b,17,section,16,mix_at_10,0.17325225,0.2783401111111111,-0.10508786111111112
logistic_regression,wild_b,17,section,16,js_divergence,0.1584069866009531,0.1978645159585679,-0.03945752935761482
logistic_regression,wild_b,17,section,16,same_family_rate_at_10,0.5689848360321562,0.41383445837692834,0.15515037765522788
logistic_regression,wild_b,17,section,32,auc,0.7937940373148149,0.7915359007777777,0.002258136537037214
logistic_regression,wild_b,17,section,32,mix_at_10,0.1289511111111111,0.14498247222222221,-0.016031361111111114
logistic_regression,wild_b,17,section,32,js_divergence,0.18580995535337483,0.13690369146722153,0.048906263886153295
logistic_regression,wild_b,17,section,32,same_family_rate_at_10,0.623781493876045,0.6059934722284689,0.01778802164757609
logistic_regression,wild_b,17,section,64,auc,0.8736684211296295,0.885602821962963,-0.011934400833333525
logistic_regression,wild_b,17,section,64,mix_at_10,0.08142897222222222,0.10519816666666666,-0.023769194444444447
logistic_regression,wild_b,17,section,64,js_divergence,0.12755468245084162,0.11832330728776078,0.00923137516308084
logistic_regression,wild_b,17,section,64,same_family_rate_at_10,0.678682435302622,0.653072578648275,0.025609856654347007
logistic_regression,wild_b,17,strings,16,auc,0.7946610875833333,0.723420630287037,0.07124045729629636
logistic_regression,wild_b,17,strings,16,mix_at_10,0.13710030555555558,0.2783401111111111,-0.14123980555555554
logistic_regression,wild_b,17,strings,16,js_divergence,0.013181379721455586,0.1978645159585679,-0.18468313623711233
logistic_regression,wild_b,17,strings,16,same_family_rate_at_10,0.5916209065114385,0.41383445837692834,0.17778644813451017
logistic_regression,wild_b,17,strings,32,auc,0.8298602535,0.7915359007777777,0.03832435272222234
logistic_regression,wild_b,17,strings,32,mix_at_10,0.11440919444444446,0.14498247222222221,-0.030573277777777755
logistic_regression,wild_b,17,strings,32,js_divergence,0.009729019570412192,0.13690369146722153,-0.12717467189680934
logistic_regression,wild_b,17,strings,32,same_family_rate_at_10,0.6252734675332141,0.6059934722284689,0.019279995304745223
logistic_regression,wild_b,17,strings,64,auc,0.8760619999629631,0.885602821962963,-0.009540821999999949
logistic_regression,wild_b,17,strings,64,mix_at_10,0.09956486111111111,0.10519816666666666,-0.005633305555555551
logistic_regression,wild_b,17,strings,64,js_divergence,0.02551127272373535,0.11832330728776078,-0.09281203456402543
logistic_regression,wild_b,17,strings,64,same_family_rate_at_10,0.6358216272289828,0.653072578648275,-0.017250951419292115
logistic_regression,wild_b,23,header,16,auc,0.8773442140694445,0.693274487824074,0.18406972624537055
logistic_regression,wild_b,23,header,16,mix_at_10,0.11564424999999998,0.24740027777777782,-0.13175602777777784
logistic_regression,wild_b,23,header,16,js_divergence,0.11896963086418617,0.09401605706624407,0.024953573797942108
logistic_regression,wild_b,23,header,16,same_family_rate_at_10,0.6487946231652714,0.48536642949979336,0.163428193665478
logistic_regression,wild_b,23,header,32,auc,0.9230101505740741,0.8035543749814815,0.11945577559259257
logistic_regression,wild_b,23,header,32,mix_at_10,0.08472452777777778,0.15792652777777777,-0.07320199999999999
logistic_regression,wild_b,23,header,32,js_divergence,0.09208394234200436,0.15469707755124434,-0.06261313520923999
logistic_regression,wild_b,23,header,32,same_family_rate_at_10,0.6932094665731842,0.579618039102991,0.11359142747019313
logistic_regression,wild_b,23,header,64,auc,0.9418459276666666,0.8648724848333333,0.0769734428333333
logistic_regression,wild_b,23,header,64,mix_at_10,0.07231466666666667,0.11105908333333334,-0.03874441666666667
logistic_regression,wild_b,23,header,64,js_divergence,0.09288642337786145,0.21095707816618683,-0.11807065478832539
logistic_regression,wild_b,23,header,64,same_family_rate_at_10,0.7054614473544956,0.6474824315425372,0.05797901581195841
logistic_regression,wild_b,23,imports,16,auc,0.6849038857222223,0.693274487824074,-0.008370602101851699
logistic_regression,wild_b,23,imports,16,mix_at_10,0.35921425,0.24740027777777782,0.1118139722222222
logistic_regression,wild_b,23,imports,16,js_divergence,0.05162930948161241,0.09401605706624407,-0.04238674758463166
logistic_regression,wild_b,23,imports,16,same_family_rate_at_10,0.3390628586182413,0.48536642949979336,-0.14630357088155205
logistic_regression,wild_b,23,imports,32,auc,0.7348627093518518,0.8035543749814815,-0.0686916656296297
logistic_regression,wild_b,23,imports,32,mix_at_10,0.29585733333333336,0.15792652777777777,0.1379308055555556
logistic_regression,wild_b,23,imports,32,js_divergence,0.07708134432185557,0.15469707755124434,-0.07761573322938878
logistic_regression,wild_b,23,imports,32,same_family_rate_at_10,0.4593957873790783,0.579618039102991,-0.12022225172391271
logistic_regression,wild_b,23,imports,64,auc,0.775563781537037,0.8648724848333333,-0.08930870329629637
logistic_regression,wild_b,23,imports,64,mix_at_10,0.24594286111111113,0.11105908333333334,0.1348837777777778
logistic_regression,wild_b,23,imports,64,js_divergence,0.06944220182457239,0.21095707816618683,-0.14151487634161444
logistic_regression,wild_b,23,imports,64,same_family_rate_at_10,0.5267865656723537,0.6474824315425372,-0.12069586587018344
logistic_regression,wild_b,23,section,16,auc,0.7589520686851852,0.693274487824074,0.0656775808611112
logistic_regression,wild_b,23,section,16,mix_at_10,0.1991481388888889,0.24740027777777782,-0.04825213888888891
logistic_regression,wild_b,23,section,16,js_divergence,0.21189634546796174,0.09401605706624407,0.11788028840171767
logistic_regression,wild_b,23,section,16,same_family_rate_at_10,0.5076169403158659,0.48536642949979336,0.022250510816072544
logistic_regression,wild_b,23,section,32,auc,0.8046161488518517,0.8035543749814815,0.0010617738703702084
logistic_regression,wild_b,23,section,32,mix_at_10,0.11147297222222222,0.15792652777777777,-0.046453555555555553
logistic_regression,wild_b,23,section,32,js_divergence,0.19401600576744865,0.15469707755124434,0.03931892821620431
logistic_regression,wild_b,23,section,32,same_family_rate_at_10,0.641129014696423,0.579618039102991,0.061510975593431994
logistic_regression,wild_b,23,section,64,auc,0.8642583100185185,0.8648724848333333,-0.0006141748148148496
logistic_regression,wild_b,23,section,64,mix_at_10,0.0844541111111111,0.11105908333333334,-0.02660497222222223
logistic_regression,wild_b,23,section,64,js_divergence,0.11420902920907165,0.21095707816618683,-0.09674804895711518
logistic_regression,wild_b,23,section,64,same_family_rate_at_10,0.6706268248633249,0.6474824315425372,0.02314439332078777
logistic_regression,wild_b,23,strings,16,auc,0.7682235142407409,0.693274487824074,0.0749490264166669
logistic_regression,wild_b,23,strings,16,mix_at_10,0.13316450000000002,0.24740027777777782,-0.1142357777777778
logistic_regression,wild_b,23,strings,16,js_divergence,0.021430609142909268,0.09401605706624407,-0.0725854479233348
logistic_regression,wild_b,23,strings,16,same_family_rate_at_10,0.5996354715771096,0.48536642949979336,0.11426904207731625
logistic_regression,wild_b,23,strings,32,auc,0.8346727412222222,0.8035543749814815,0.031118366240740714
logistic_regression,wild_b,23,strings,32,mix_at_10,0.11077522222222222,0.15792652777777777,-0.04715130555555555
logistic_regression,wild_b,23,strings,32,js_divergence,0.01560239583781362,0.15469707755124434,-0.13909468171343073
logistic_regression,wild_b,23,strings,32,same_family_rate_at_10,0.627500302919881,0.579618039102991,0.04788226381688998
logistic_regression,wild_b,23,strings,64,auc,0.879667992314815,0.8648724848333333,0.014795507481481618
logistic_regression,wild_b,23,strings,64,mix_at_10,0.09626161111111112,0.11105908333333334,-0.014797472222222219
logistic_regression,wild_b,23,strings,64,js_divergence,0.025967102926924855,0.21095707816618683,-0.18498997523926197
logistic_regression,wild_b,23,strings,64,same_family_rate_at_10,0.6430384365571248,0.6474824315425372,-0.0044439949854123695
logistic_regression,wild_b,29,header,16,auc,0.8836017406759259,0.775988741074074,0.10761299960185189
logistic_regression,wild_b,29,header,16,mix_at_10,0.11840519444444444,0.2007988888888889,-0.08239369444444444
logistic_regression,wild_b,29,header,16,js_divergence,0.08871191992951592,0.0374310547822131,0.051280865147302825
logistic_regression,wild_b,29,header,16,same_family_rate_at_10,0.6515683049827506,0.512193293273968,0.13937501170878264
logistic_regression,wild_b,29,header,32,auc,0.9111863927407405,0.8236685511481483,0.08751784159259224
logistic_regression,wild_b,29,header,32,mix_at_10,0.09310308333333334,0.13150819444444445,-0.03840511111111111
logistic_regression,wild_b,29,header,32,js_divergence,0.10587690286421195,0.1029862142274511,0.002890688636760841
logistic_regression,wild_b,29,header,32,same_family_rate_at_10,0.677323669714742,0.6136554365714115,0.06366823314333048
logistic_regression,wild_b,29,header,64,auc,0.9442698369814815,0.856804444462963,0.08746539251851848
logistic_regression,wild_b,29,header,64,mix_at_10,0.07179708333333333,0.10956702777777778,-0.03776994444444445
logistic_regression,wild_b,29,header,64,js_divergence,0.09476460652437814,0.1424460991254039,-0.04768149260102576
logistic_regression,wild_b,29,header,64,same_family_rate_at_10,0.7049357850529321,0.6538280371435767,0.05110774790935535
logistic_regression,wild_b,29,imports,16,auc,0.6812833260925926,0.775988741074074,-0.09470541498148144
logistic_regression,wild_b,29,imports,16,mix_at_10,0.3629324722222222,0.2007988888888889,0.1621335833333333
logistic_regression,wild_b,29,imports,16,js_divergence,0.07474704976346827,0.0374310547822131,0.03731599498125517
logistic_regression,wild_b,29,imports,16,same_family_rate_at_10,0.3460251939060523,0.512193293273968,-0.1661680993679157
logistic_regression,wild_b,29,imports,32,auc,0.7166007753888889,0.8236685511481483,-0.10706777575925941
logistic_regression,wild_b,29,imports,32,mix_at_10,0.3056588333333333,0.13150819444444445,0.17415063888888888
logistic_regression,wild_b,29,imports,32,js_divergence,0.06840594916872937,0.1029862142274511,-0.034580265058721735
logistic_regression,wild_b,29,imports,32,same_family_rate_at_10,0.43625191420589643,0.6136554365714115,-0.1774035223655151
logistic_regression,wild_b,29,imports,64,auc,0.7884307975185185,0.856804444462963,-0.06837364694444448
logistic_regression,wild_b,29,imports,64,mix_at_10,0.22695494444444445,0.10956702777777778,0.11738791666666666
logistic_regression,wild_b,29,imports,64,js_divergence,0.05058904523953681,0.1424460991254039,-0.0918570538858671
logistic_regression,wild_b,29,imports,64,same_family_rate_at_10,0.5451363741660445,0.6538280371435767,-0.10869166297753219
logistic_regression,wild_b,29,section,16,auc,0.6926321255925926,0.775988741074074,-0.08335661548148143
logistic_regression,wild_b,29,section,16,mix_at_10,0.17090405555555557,0.2007988888888889,-0.029894833333333315
logistic_regression,wild_b,29,section,16,js_divergence,0.11273780274236386,0.0374310547822131,0.07530674796015077
logistic_regression,wild_b,29,section,16,same_family_rate_at_10,0.5700663322546292,0.512193293273968,0.05787303898066121
logistic_regression,wild_b,29,section,32,auc,0.8075389830740741,0.8236685511481483,-0.016129568074074174
logistic_regression,wild_b,29,section,32,mix_at_10,0.12096066666666667,0.13150819444444445,-0.010547527777777774
logistic_regression,wild_b,29,section,32,js_divergence,0.15809052051390743,0.1029862142274511,0.05510430628645632
logistic_regression,wild_b,29,section,32,same_family_rate_at_10,0.625019147364461,0.6136554365714115,0.01136371079304943
logistic_regression,wild_b,29,section,64,auc,0.8588048607222222,0.856804444462963,0.0020004162592591745
logistic_regression,wild_b,29,section,64,mix_at_10,0.08278377777777776,0.10956702777777778,-0.026783250000000022
logistic_regression,wild_b,29,section,64,js_divergence,0.14426675432921982,0.1424460991254039,0.001820655203815913
logistic_regression,wild_b,29,section,64,same_family_rate_at_10,0.6756906729338787,0.6538280371435767,0.02186263579030201
logistic_regression,wild_b,29,strings,16,auc,0.8104472235277778,0.775988741074074,0.034458482453703754
logistic_regression,wild_b,29,strings,16,mix_at_10,0.13177600000000003,0.2007988888888889,-0.06902288888888886
logistic_regression,wild_b,29,strings,16,js_divergence,0.03201821229835798,0.0374310547822131,-0.005412842483855117
logistic_regression,wild_b,29,strings,16,same_family_rate_at_10,0.5927767897853471,0.512193293273968,0.08058349651137908
logistic_regression,wild_b,29,strings,32,auc,0.8434356004444444,0.8236685511481483,0.019767049296296135
logistic_regression,wild_b,29,strings,32,mix_at_10,0.11174188888888889,0.13150819444444445,-0.019766305555555558
logistic_regression,wild_b,29,strings,32,js_divergence,0.023170847063643595,0.1029862142274511,-0.07981536716380751
logistic_regression,wild_b,29,strings,32,same_family_rate_at_10,0.6244863509572707,0.6136554365714115,0.010830914385859147
logistic_regression,wild_b,29,strings,64,auc,0.8803845528518519,0.856804444462963,0.02358010838888891
logistic_regression,wild_b,29,strings,64,mix_at_10,0.09823066666666666,0.10956702777777778,-0.011336361111111123
logistic_regression,wild_b,29,strings,64,js_divergence,0.01014704476557383,0.1424460991254039,-0.13229905435983008
logistic_regression,wild_b,29,strings,64,same_family_rate_at_10,0.6398716373111185,0.6538280371435767,-0.013956399832458222
logistic_regression,wild_b,31,header,16,auc,0.8589361550925926,0.779620032925926,0.07931612216666661
logistic_regression,wild_b,31,header,16,mix_at_10,0.14935144444444443,0.21382244444444445,-0.06447100000000003
logistic_regression,wild_b,31,header,16,js_divergence,0.07344353176070546,0.19523355587871302,-0.12179002411800756
logistic_regression,wild_b,31,header,16,same_family_rate_at_10,0.5835673348691368,0.5046583950282768,0.07890893984086
logistic_regression,wild_b,31,header,32,auc,0.9180320613703705,0.8101051192592592,0.10792694211111131
logistic_regression,wild_b,31,header,32,mix_at_10,0.08816872222222222,0.15310238888888889,-0.06493366666666667
logistic_regression,wild_b,31,header,32,js_divergence,0.05678384662265212,0.0954202878620216,-0.038636441239369476
logistic_regression,wild_b,31,header,32,same_family_rate_at_10,0.6893161067349393,0.5794609423683766,0.10985516436656262
logistic_regression,wild_b,31,header,64,auc,0.9433285891296295,0.8705903289814817,0.07273826014814777
logistic_regression,wild_b,31,header,64,mix_at_10,0.07233563888888889,0.10458697222222221,-0.032251333333333326
logistic_regression,wild_b,31,header,64,js_divergence,0.0806485517611339,0.18286024646222274,-0.10221169470108883
logistic_regression,wild_b,31,header,64,same_family_rate_at_10,0.705357034565971,0.6503524433858173,0.05500459118015366
logistic_regression,wild_b,31,imports,16,auc,0.6737804400925926,0.779620032925926,-0.10583959283333333
logistic_regression,wild_b,31,imports,16,mix_at_10,0.3749157222222222,0.21382244444444445,0.16109327777777774
logistic_regression,wild_b,31,imports,16,js_divergence,0.07145808069530359,0.19523355587871302,-0.12377547518340944
logistic_regression,wild_b,31,imports,16,same_family_rate_at_10,0.3332547699721937,0.5046583950282768,-0.1714036250560831
logistic_regression,wild_b,31,imports,32,auc,0.7168601461111112,0.8101051192592592,-0.09324497314814806
logistic_regression,wild_b,31,imports,32,mix_at_10,0.30250552777777784,0.15310238888888889,0.14940313888888895
logistic_regression,wild_b,31,imports,32,js_divergence,0.06970960467756541,0.0954202878620216,-0.025710683184456185
logistic_regression,wild_b,31,imports,32,same_family_rate_at_10,0.4501863250747268,0.5794609423683766,-0.12927461729364986
logistic_regression,wild_b,31,imports,64,auc,0.7699656480740742,0.8705903289814817,-0.1006246809074075
logistic_regression,wild_b,31,imports,64,mix_at_10,0.2444513888888889,0.10458697222222221,0.13986441666666669
logistic_regression,wild_b,31,imports,64,js_divergence,0.06372981955079168,0.18286024646222274,-0.11913042691143105
logistic_regression,wild_b,31,imports,64,same_family_rate_at_10,0.5299213005677327,0.6503524433858173,-0.12043114281808465
logistic_regression,wild_b,31,section,16,auc,0.7299799559166666,0.779620032925926,-0.04964007700925932
logistic_regression,wild_b,31,section,16,mix_at_10,0.17900272222222222,0.21382244444444445,-0.03481972222222224
logistic_regression,wild_b,31,section,16,js_divergence,0.13341549732263056,0.19523355587871302,-0.06181805855608247
logistic_regression,wild_b,31,section,16,same_family_rate_at_10,0.5505946482681792,0.5046583950282768,0.04593625323990236
logistic_regression,wild_b,31,section,32,auc,0.8396106632407406,0.8101051192592592,0.02950554398148142
logistic_regression,wild_b,31,section,32,mix_at_10,0.10526058333333335,0.15310238888888889,-0.04784180555555553
logistic_regression,wild_b,31,section,32,js_divergence,0.1831635397160411,0.0954202878620216,0.0877432518540195
logistic_regression,wild_b,31,section,32,same_family_rate_at_10,0.6398869043938091,0.5794609423683766,0.06042596202543249
logistic_regression,wild_b,31,section,64,auc,0.8783660354814813,0.8705903289814817,0.007775706499999591
logistic_regression,wild_b,31,section,64,mix_at_10,0.08616230555555555,0.10458697222222221,-0.01842466666666666
logistic_regression,wild_b,31,section,64,js_divergence,0.17436834585830185,0.18286024646222274,-0.008491900603920882
logistic_regression,wild_b,31,section,64,same_family_rate_at_10,0.6724981121235457,0.6503524433858173,0.022145668737728386
logistic_regression,wild_b,31,strings,16,auc,0.7786234105555555,0.779620032925926,-0.000996622370370459
logistic_regression,wild_b,31,strings,16,mix_at_10,0.1369576388888889,0.21382244444444445,-0.07686480555555555
logistic_regression,wild_b,31,strings,16,js_divergence,0.017515326547633332,0.19523355587871302,-0.1777182293310797
logistic_regression,wild_b,31,strings,16,same_family_rate_at_10,0.5928428915622486,0.5046583950282768,0.08818449653397176
logistic_regression,wild_b,31,strings,32,auc,0.8456389963888888,0.8101051192592592,0.03553387712962963
logistic_regression,wild_b,31,strings,32,mix_at_10,0.11093236111111111,0.15310238888888889,-0.04217002777777777
logistic_regression,wild_b,31,strings,32,js_divergence,0.020956671231977884,0.0954202878620216,-0.07446361663004372
logistic_regression,wild_b,31,strings,32,same_family_rate_at_10,0.6245041529245281,0.5794609423683766,0.04504321055615146
logistic_regression,wild_b,31,strings,64,auc,0.8827537617962962,0.8705903289814817,0.012163432814814468
logistic_regression,wild_b,31,strings,64,mix_at_10,0.09652091666666666,0.10458697222222221,-0.008066055555555549
logistic_regression,wild_b,31,strings,64,js_divergence,0.014130942354527627,0.18286024646222274,-0.1687293041076951
logistic_regression,wild_b,31,strings,64,same_family_rate_at_10,0.6393238584307417,0.6503524433858173,-0.011028584955075638
