seed,feature_group,perturbation_type,strength,high_flip_rate,mid_flip_rate,low_flip_rate,high_delta_auc,mid_delta_auc,low_delta_auc,high_auc_drop,mid_auc_drop,low_auc_drop,delta_flip_density,flip_density_ratio,delta_auc_density,auc_drop_density
13,header,important,0.01,0.0008666666666666666,0.008520833333333333,0.014033333333333333,-0.00015025732267748282,0.0008216559203149121,0.0021011303292473027,-0.00015025732267748282,0.0008216559203149121,0.0021011303292473027,0.013166666666666667,16.192307692307693,0.0022513876519247855,0.0022513876519247855
13,header,important,0.05,0.0113,0.16675833333333334,0.17334166666666667,0.0014912025904554316,0.032227896888026186,0.03876764901667917,0.0014912025904554316,0.032227896888026186,0.03876764901667917,0.16204166666666667,15.339970501474928,0.03727644642622374,0.03727644642622374
13,header,important,0.1,0.08976666666666666,0.25866666666666666,0.27279166666666665,0.013961717654192629,0.1378938351306599,0.1435866449546529,0.013961717654192629,0.1378938351306599,0.1435866449546529,0.183025,3.0388971407352394,0.12962492730046027,0.12962492730046027
13,header,random,0.01,0.0011795833333333333,0.007426875000000001,0.009109583333333332,0.0003444335831456591,0.001996331744650476,0.0017846992185003685,0.0003444335831456591,0.001996331744650476,0.0017846992185003685,0.00793,7.722712822324267,0.0014402656353547094,0.0014402656353547094
13,header,random,0.05,0.00778875,0.04025145833333333,0.04402958333333333,0.0008173532652828996,0.009076675223652136,0.008472610391648316,0.0008173532652828996,0.009076675223652136,0.008472610391648316,0.03624083333333333,5.652971700636602,0.007655257126365417,0.007655257126365417
13,header,random,0.1,0.014503333333333332,0.05618145833333334,0.06613250000000001,0.0010255772388292673,0.010007809987438453,0.014213160257123613,0.0010255772388292673,0.010007809987438453,0.014213160257123613,0.05162916666666668,4.559813835899795,0.013187583018294346,0.013187583018294346
13,imports,important,0.01,0.05053928020534933,0.057285349131401264,0.061158333333333335,0.0035658684725246026,0.008655132215437122,0.007306344849854707,0.0035658684725246026,0.008655132215437122,0.007306344849854707,0.010619053127984009,1.2101148470029068,0.003740476377330104,0.003740476377330104
13,imports,important,0.05,0.0427076571237992,0.19423085933229564,0.09134166666666667,0.012379802251032967,0.05271311445765625,0.0241794403068889,0.012379802251032967,0.05271311445765625,0.0241794403068889,0.048634009542867465,2.138765570817645,0.011799638055855932,0.011799638055855932
13,imports,important,0.1,0.06282569725267853,0.24468611231135243,0.10315,0.013840608138497967,0.09296237755694636,0.04912009097162762,0.013840608138497967,0.09296237755694636,0.04912009097162762,0.040324302747321475,1.6418440942269412,0.03527948283312965,0.03527948283312965
13,imports,random,0.01,0.0005071199280562687,0.002375696935306704,0.003239583333333333,-0.0015665430739773944,2.1914535446543316e-05,0.0001585230447417596,-0.0015665430739773944,2.1914535446543316e-05,0.0001585230447417596,0.0027324634052770646,6.388199623213935,0.001725066118719154,0.001725066118719154
13,imports,random,0.05,0.005464864897057334,0.01172361016393272,0.011237916666666667,-0.0023515274854863264,0.001003839929932071,0.0009379001066951332,-0.0023515274854863264,0.001003839929932071,0.0009379001066951332,0.005773051769609333,2.0563942345066843,0.0032894275921814594,0.0032894275921814594
13,imports,random,0.1,0.009936036781828254,0.023582312549781097,0.021137499999999997,-0.004654120126528443,0.003151470430485509,0.002569712528604162,-0.004654120126528443,0.003151470430485509,0.002569712528604162,0.011201463218171743,2.127357261665717,0.007223832655132606,0.007223832655132606
42,header,important,0.01,0.0,0.029650123542181425,0.047282939308839096,0.0034081032168443715,0.025086197970088486,0.015034798535167204,0.0034081032168443715,0.025086197970088486,0.015034798535167204,0.047282939308839096,nan,0.011626695318322833,0.011626695318322833
42,header,important,0.05,0.015475,0.15969233205138356,0.1585820118165682,0.0020966441618642806,0.04149428593767546,0.03910093309076579,0.0020966441618642806,0.04149428593767546,0.03910093309076579,0.1431070118165682,10.247625965529448,0.03700428892890151,0.03700428892890151
42,header,important,0.1,0.065575,0.21994258309409623,0.22366480279331005,0.03676601121181322,0.1054350234694601,0.11982446035852079,0.03676601121181322,0.1054350234694601,0.11982446035852079,0.15808980279331006,3.4108242896425476,0.08305844914670757,0.08305844914670757
42,header,random,0.01,0.0019137499999999999,0.011077962824845102,0.012056149532087232,2.4717438212901178e-05,0.001262728357541726,0.0018492895634262985,2.4717438212901178e-05,0.001262728357541726,0.0018492895634262985,0.010142399532087232,6.29975155171116,0.0018245721252133974,0.0018245721252133974
42,header,random,0.05,0.00503375,0.024811770049041865,0.02802351647069608,0.0005977123603670642,0.0056720420718449575,0.004037937720493268,0.0005977123603670642,0.0056720420718449575,0.004037937720493268,0.02298976647069608,5.567125199045658,0.0034402253601262035,0.0034402253601262035
42,header,random,0.1,0.010883333333333333,0.0521906341276422,0.05340788826759777,0.0012328578727988982,0.012194408508693605,0.010847852292739301,0.0012328578727988982,0.012194408508693605,0.010847852292739301,0.042524554934264436,4.907309794878815,0.009614994419940404,0.009614994419940404
42,imports,important,0.01,0.07144285671429858,0.08161288104658504,0.053021907055421764,0.018084544397045765,0.010242195000649823,0.00890056427541075,0.018084544397045765,0.010242195000649823,0.00890056427541075,-0.018420949658876813,0.7421582715744058,-0.009183980121635016,-0.009183980121635016
42,imports,important,0.05,0.19447416577502674,0.25582703594667067,0.10871865807827877,0.06095683303766786,0.040910827306397946,0.04017277852853551,0.06095683303766786,0.040910827306397946,0.04017277852853551,-0.08575550769674797,0.559039076707225,-0.020784054509132344,-0.020784054509132344
42,imports,important,0.1,0.16333010009699708,0.3037496796614725,0.11501829059971502,0.05548481235291536,0.06470837389963557,0.06284128134118572,0.05548481235291536,0.06470837389963557,0.06284128134118572,-0.04831180949728206,0.7042075559337131,0.007356468988270359,0.007356468988270359
42,imports,random,0.01,0.0008032259032229032,0.0037809322007413106,0.004725141033439716,-0.0004894023603123409,0.00018843399638711068,0.00022014612728112336,-0.0004894023603123409,0.00018843399638711068,0.00022014612728112336,0.003921915130216813,5.882704995544002,0.0007095484875934643,0.0007095484875934643
42,imports,random,0.05,0.0020149395518134455,0.012509766418521504,0.01234469655936737,-0.0024754557717246105,0.0009926164198676313,0.001242805951254644,-0.0024754557717246105,0.0009926164198676313,0.001242805951254644,0.010329757007553925,6.126584069610001,0.0037182617229792546,0.0037182617229792546
42,imports,random,0.1,0.007222283331500055,0.022918424622000538,0.018783904272250785,-0.003047960767568836,0.0031019531775095645,0.0017992407752584316,-0.003047960767568836,0.0031019531775095645,0.0017992407752584316,0.011561620940750729,2.6008262775187196,0.004847201542827267,0.004847201542827267
77,header,important,0.01,0.008716666666666666,0.07069196121650508,0.07330772243564637,0.0032761998492819577,0.018791913018138873,0.0172850766177175,0.0032761998492819577,0.018791913018138873,0.0172850766177175,0.06459105576897971,8.410063759347576,0.01400887676843554,0.01400887676843554
77,header,important,0.05,0.0174,0.18774661561089837,0.19802334980541828,0.0016028283616844607,0.034000582389531075,0.0395915027994348,0.0016028283616844607,0.034000582389531075,0.0395915027994348,0.18062334980541828,11.380652287667719,0.037988674437750336,0.037988674437750336
77,header,important,0.1,0.06655,0.22823428430951795,0.22271481070991075,0.02056069082702272,0.08414734288752945,0.10762697997070236,0.02056069082702272,0.08414734288752945,0.10762697997070236,0.15616481070991076,3.3465786733269836,0.08706628914367964,0.08706628914367964
77,header,random,0.01,0.0005441666666666668,0.003907307947116446,0.005553703719135673,-8.103622800809118e-06,0.0005293493033978969,0.0005845570084143214,-8.103622800809118e-06,0.0005293493033978969,0.0005845570084143214,0.005009537052469006,10.205887385854222,0.0005926606312151306,0.0005926606312151306
77,header,random,0.05,0.006964583333333332,0.03036741819757583,0.038117599020008164,0.0008676915062043045,0.005862293401276036,0.005402877043132604,0.0008676915062043045,0.005862293401276036,0.005402877043132604,0.03115301568667483,5.47306237798502,0.004535185536928299,0.004535185536928299
77,header,random,0.1,0.014432083333333331,0.06332818053408555,0.06705069124423964,0.0008099133365463806,0.010758603454294196,0.012866326008912337,0.0008099133365463806,0.010758603454294196,0.012866326008912337,0.052618607910906307,4.645946790604705,0.012056412672365957,0.012056412672365957
77,imports,important,0.01,0.02864039742049841,0.03298248220102497,0.03556666666666667,0.023665496029522393,0.0034189065960525955,0.003537672464760666,0.023665496029522393,0.0034189065960525955,0.003537672464760666,0.006926269246168262,1.241835654180239,-0.020127823564761727,-0.020127823564761727
77,imports,important,0.05,0.04209182186045969,0.08441648010016234,0.061566666666666665,0.015946119459066876,0.019250580348218915,0.023639931761157973,0.015946119459066876,0.019250580348218915,0.023639931761157973,0.019474844806206974,1.4626752643487095,0.0076938123020910965,0.0076938123020910965
77,imports,important,0.1,0.035106643499352795,0.13124555688775238,0.06429166666666666,0.02130080427787895,0.044549324658036626,0.0432706698571419,0.02130080427787895,0.044549324658036626,0.0432706698571419,0.02918502316731387,1.8313247937773347,0.021969865579262948,0.021969865579262948
77,imports,random,0.01,0.0008830594847993655,0.003836461638036224,0.00401125,0.0015508216441874056,0.00023230519375191938,0.0003014260100751731,0.0015508216441874056,0.00023230519375191938,0.0003014260100751731,0.0031281905152006346,4.542445972268076,-0.0012493956341122325,-0.0012493956341122325
77,imports,random,0.05,0.007703520576539595,0.012952666928390293,0.012494166666666666,0.004642215118479171,0.00062296551616009,0.0009815942616383966,0.004642215118479171,0.00062296551616009,0.0009815942616383966,0.004790646090127071,1.6218774964678577,-0.0036606208568407744,-0.0036606208568407744
77,imports,random,0.1,0.01269080965097431,0.020885280168069013,0.020543749999999996,0.004831637629680069,0.0030137489490425716,0.0025443704231116193,0.004831637629680069,0.0030137489490425716,0.0025443704231116193,0.007852940349025686,1.6187895465300588,-0.00228726720656845,-0.00228726720656845
123,header,important,0.01,0.0011249906250781244,0.008525071042258685,0.01426654777876851,-0.0008754016421852473,0.0005570279866053962,0.0013672505064723506,-0.0008754016421852473,0.0005570279866053962,0.0013672505064723506,0.013141557153690387,12.68148148148148,0.002242652148657598,0.002242652148657598
123,header,important,0.05,0.013349888750927076,0.1858807156726306,0.17016524862292814,0.0014536261595516908,0.03765744479354094,0.036053612600875695,0.0014536261595516908,0.03765744479354094,0.036053612600875695,0.15681535987200107,12.746566791510611,0.034599986441324004,0.034599986441324004
123,header,important,0.1,0.06713277389355089,0.22712272602271685,0.19201506654111217,0.018226184302543413,0.059190816570030336,0.08061220129118984,0.018226184302543413,0.059190816570030336,0.08061220129118984,0.12488229264756127,2.8602284011916583,0.06238601698864643,0.06238601698864643
123,header,random,0.01,0.000720410663244473,0.008139026158551322,0.009615336538862176,9.17152700982804e-05,0.0011733543843200412,0.0016698537593294593,9.17152700982804e-05,0.0011733543843200412,0.0016698537593294593,0.008894925875617703,13.347021399652977,0.001578138489231179,0.001578138489231179
123,header,random,0.05,0.005774118549012092,0.03262443853698781,0.03551678736010534,0.0005015834575506694,0.0064606203238358915,0.0066034392974619995,0.0005015834575506694,0.0064606203238358915,0.0066034392974619995,0.02974266881109325,6.151031894934335,0.00610185583991133,0.00610185583991133
123,header,random,0.1,0.009853251222906475,0.053678363986366565,0.05931575570203581,0.001062142765985341,0.008677028661600744,0.012115952360636362,0.001062142765985341,0.008677028661600744,0.012115952360636362,0.04946250447912934,6.019917117726657,0.01105380959465102,0.01105380959465102
123,imports,important,0.01,0.015194101787120327,0.04089202033965901,0.0363,0.0016745451652135923,0.008659806165909889,0.006221593727502972,0.0016745451652135923,0.008659806165909889,0.006221593727502972,0.02110589821287967,2.3890849560301506,0.00454704856228938,0.00454704856228938
123,imports,important,0.05,0.025258285414330367,0.06797168400412111,0.04973333333333333,0.006483990313353782,0.01976245172023905,0.01516103224447063,0.006483990313353782,0.01976245172023905,0.01516103224447063,0.024475047919002964,1.968990868442597,0.008677041931116847,0.008677041931116847
123,imports,important,0.1,0.11827443869151297,0.15706071986440226,0.057625,0.012829125662827345,0.03792726442915029,0.025729855818459546,0.012829125662827345,0.03792726442915029,0.025729855818459546,-0.060649438691512965,0.4872143181359694,0.0129007301556322,0.0129007301556322
123,imports,random,0.01,0.00040753024265705897,0.00493901425770215,0.003355833333333333,-0.0005877109542935854,0.0003093442538528057,-8.531811752351959e-05,-0.0005877109542935854,0.0003093442538528057,-8.531811752351959e-05,0.002948303090676274,8.234562695160031,0.0005023928367700658,0.0005023928367700658
123,imports,random,0.05,0.004625277373481901,0.01710891023297551,0.012034166666666667,-0.0009798138163100377,0.0011552351671497263,4.981927616030668e-05,-0.0009798138163100377,0.0011552351671497263,4.981927616030668e-05,0.007408889293184766,2.601825943599003,0.0010296330924703444,0.0010296330924703444
123,imports,random,0.1,0.006744530075636468,0.02831333709993685,0.019717083333333336,-0.0018687566641262421,0.0027785720983009078,0.0010090256591579639,-0.0018687566641262421,0.0027785720983009078,0.0010090256591579639,0.012972553257696869,2.9234184016108307,0.002877782323284206,0.002877782323284206
2024,header,important,0.01,0.0,0.034616810903378765,0.05027458104515796,0.00452882547570288,0.025543305634001534,0.018456053018058194,0.00452882547570288,0.025543305634001534,0.018456053018058194,0.05027458104515796,nan,0.013927227542355314,0.013927227542355314
2024,header,important,0.05,0.012483333333333334,0.18570494043725183,0.18833176390196749,0.0008410651445670547,0.039430245696606914,0.04357385960460103,0.0008410651445670547,0.039430245696606914,0.04357385960460103,0.17584843056863414,15.086656654363216,0.042732794460033974,0.042732794460033974
2024,header,important,0.1,0.04755,0.314801311672132,0.23558137015524871,0.0162383557788347,0.07429472888697586,0.07301451706453654,0.0162383557788347,0.07429472888697586,0.07301451706453654,0.1880313701552487,4.954392642591981,0.05677616128570184,0.05677616128570184
2024,header,random,0.01,0.0008175000000000002,0.009087121196338317,0.010516579028508095,0.0002851968538054916,0.0032517677760677266,0.002377930143820228,0.0002851968538054916,0.0032517677760677266,0.002377930143820228,0.009699079028508095,12.86431685444415,0.0020927332900147365,0.0020927332900147365
2024,header,random,0.05,0.004541250000000001,0.03097617073404472,0.03480012666561112,0.001133102583103851,0.006873854397399193,0.005865340546465592,0.001133102583103851,0.006873854397399193,0.005865340546465592,0.030258876665611122,7.663116248964737,0.0047322379633617405,0.0047322379633617405
2024,header,random,0.1,0.015163750000000004,0.06127442197675823,0.06373780218498179,0.0013246631840379164,0.010591409042511846,0.012566393209709887,0.0013246631840379164,0.010591409042511846,0.012566393209709887,0.048574052184981786,4.203300778829892,0.01124173002567197,0.01124173002567197
2024,imports,important,0.01,0.01643102567674235,0.02988215488215488,0.023558333333333334,-0.015544413690355863,0.004874185146359733,0.009759627941210103,-0.015544413690355863,0.004874185146359733,0.009759627941210103,0.007127307656590982,1.433771317555634,0.025304041631565966,0.025304041631565966
2024,imports,important,0.05,0.018479825416724705,0.08085602864083877,0.04643333333333333,-0.014026445915985009,0.023613183645882385,0.029104818796711007,-0.014026445915985009,0.023613183645882385,0.029104818796711007,0.027953507916608628,2.5126500000000003,0.043131264712696016,0.043131264712696016
2024,imports,important,0.1,0.04877652412127966,0.11028001534330649,0.069975,0.05403518025381937,0.037645048459610586,0.041239400309999064,0.05403518025381937,0.037645048459610586,0.041239400309999064,0.021198475878720334,1.4346040694907185,-0.012795779943820307,-0.012795779943820307
2024,imports,random,0.01,0.0007315898221665042,0.002423230192217534,0.0036970833333333335,-0.0016942599625230982,0.0004886685378012679,-0.00015743511007512145,-0.0016942599625230982,0.0004886685378012679,-0.00015743511007512145,0.0029654935111668294,5.053492026973423,0.0015368248524479768,0.0015368248524479768
2024,imports,random,0.05,0.0036498235594558197,0.009742466862720027,0.011022916666666667,-0.0018643523958108532,0.0015145213796748825,0.0007791130470142238,-0.0018643523958108532,0.0015145213796748825,0.0007791130470142238,0.007373093107210847,3.020123161326231,0.002643465442825077,0.002643465442825077
2024,imports,random,0.1,0.005906405256070947,0.019730799556748925,0.023034583333333334,-0.0076681112083545055,0.004016756812340522,0.0040865811905621,-0.0076681112083545055,0.004016756812340522,0.0040865811905621,0.017128178077262385,3.8999327568417437,0.011754692398916605,0.011754692398916605
