feature_group,density_bin,perturbation_type,strength,n_rows,n_samples_mean,n_samples_std,n_samples_min,n_samples_max,n_masked_features_mean,n_masked_features_std,n_masked_features_min,n_masked_features_max,flip_rate_mean_mean,flip_rate_mean_std,flip_rate_mean_min,flip_rate_mean_max,benign_to_malware_rate_overall_mean_mean,benign_to_malware_rate_overall_mean_std,benign_to_malware_rate_overall_mean_min,benign_to_malware_rate_overall_mean_max,malware_to_benign_rate_overall_mean_mean,malware_to_benign_rate_overall_mean_std,malware_to_benign_rate_overall_mean_min,malware_to_benign_rate_overall_mean_max,benign_to_malware_rate_cond_mean_mean,benign_to_malware_rate_cond_mean_std,benign_to_malware_rate_cond_mean_min,benign_to_malware_rate_cond_mean_max,malware_to_benign_rate_cond_mean_mean,malware_to_benign_rate_cond_mean_std,malware_to_benign_rate_cond_mean_min,malware_to_benign_rate_cond_mean_max,mean_abs_probability_shift_mean_mean,mean_abs_probability_shift_mean_std,mean_abs_probability_shift_mean_min,mean_abs_probability_shift_mean_max,mean_signed_probability_shift_mean_mean,mean_signed_probability_shift_mean_std,mean_signed_probability_shift_mean_min,mean_signed_probability_shift_mean_max,mean_margin_shift_mean_mean,mean_margin_shift_mean_std,mean_margin_shift_mean_min,mean_margin_shift_mean_max,baseline_auc_mean_mean,baseline_auc_mean_std,baseline_auc_mean_min,baseline_auc_mean_max,perturbed_auc_mean_mean,perturbed_auc_mean_std,perturbed_auc_mean_min,perturbed_auc_mean_max,delta_auc_mean_mean,delta_auc_mean_std,delta_auc_mean_min,delta_auc_mean_max,auc_drop_mean_mean,auc_drop_mean_std,auc_drop_mean_min,auc_drop_mean_max
header,high_density,important,0.01,5,120014.4,28.8,120000.0,120072.0,1.0,0.0,1.0,1.0,1e-05,2e-05,0.0,5e-05,1e-05,2e-05,0.0,5e-05,0.0,0.0,0.0,0.0,4.48447251392055e-05,8.9689450278411e-05,0.0,0.0002242236256960275,0.0,0.0,0.0,0.0,0.0043939224505830845,0.0013612441006552692,0.0027907846386807044,0.006379184916676869,0.004387351073252307,0.0013603449298523502,0.002777997664194421,0.0063738749094991165,-0.0026481320564222385,0.0015164224614291472,-0.00461838253826993,-0.0011074744023663859,0.999549645764722,2.7144899385129414e-05,0.999509432312906,0.999577174336887,0.9994901554078179,9.669151704810767e-05,0.9993010866149379,0.9995610409719644,5.949035690411275e-05,7.472247371386892e-05,1.6133364922565896e-05,0.0002083456979681264,5.949035690411275e-05,7.472247371386892e-05,1.6133364922565896e-05,0.0002083456979681264
header,high_density,important,0.05,5,120014.4,28.8,120000.0,120072.0,4.0,0.0,4.0,4.0,0.018379911719634885,0.005580443203729344,0.009366666666666667,0.02455,0.01115559331068026,0.003423359707381864,0.005966666666666667,0.016,0.004331356852555134,0.003918221015057473,0.00045,0.009725,0.05041623568560836,0.015175996913551143,0.02758195616163951,0.07181059954370349,0.005560181189133062,0.005027076548029441,0.000579007752270461,0.012453712102617734,0.07190355910592228,0.010872657945093152,0.06422280491208358,0.09344713731602022,0.04290641598530233,0.008133228836436334,0.030606401478601074,0.055133628283977214,-0.06178562895374318,0.012359905361936034,-0.08480350435493489,-0.04803915473973078,0.999549645764722,2.7144899385129414e-05,0.999509432312906,0.999577174336887,0.9942417303802881,0.002320288052227029,0.9903820623113042,0.9970865963720351,0.005307915384434048,0.002294568245682632,0.0024869262401310266,0.009127370001601798,0.005307915384434048,0.002294568245682632,0.0024869262401310266,0.009127370001601798
header,high_density,important,0.1,5,120014.4,28.8,120000.0,120072.0,8.0,0.0,8.0,8.0,0.07410214338063828,0.014701073146229903,0.05495833333333333,0.0943,0.03364914018255713,0.01919207747759931,0.005625,0.06272070091278566,0.03499231294556599,0.031545968375871224,0.008503231394496635,0.08721666666666666,0.15174024802680755,0.08575974191813189,0.025672232153044535,0.28188045064939926,0.044798059456948605,0.04033382635130928,0.010936746826629533,0.11168856115338235,0.15735530128780367,0.026059082897397223,0.11839861791419716,0.1969313511916703,-0.01080519270200336,0.05688177371136519,-0.09656570932708353,0.0428490439732433,-0.12442028091546305,0.021209487269108745,-0.15944216968001643,-0.09889243613105617,0.999549645764722,2.7144899385129414e-05,0.999509432312906,0.999577174336887,0.9619594424291437,0.012955310511834668,0.943485884140492,0.9805140299509463,0.037590203335578345,0.012952223169674936,0.019011627577361856,0.05602354817241406,0.037590203335578345,0.012952223169674936,0.019011627577361856,0.05602354817241406
header,high_density,random,0.01,5,120014.4,28.8,120000.0,120072.0,1.0,0.0,1.0,1.0,0.0024624485475381436,0.0010217853491421276,0.0016725,0.0043625,0.0007273173762409221,0.0002589895672564221,0.00032625,0.0010233333333333331,0.0009078088480245187,0.0007582377066083741,0.0002040442401225931,0.0022516666666666666,0.0032889258108442726,0.0011668058128708999,0.0015081474633075233,0.004670444605027955,0.0011637271870788657,0.0009711025740491896,0.0002624390766429222,0.002883455878429573,0.004612511705286056,0.002006729807703321,0.002573049721203626,0.008454443844944183,0.0006443436529192842,0.0009821808863172703,-0.0005518449699330916,0.0018606662288470567,-0.0018812795209030085,0.0012074089180767204,-0.003919731983141982,-0.00021151501064315122,0.999549645764722,2.7144899385198193e-05,0.9995094323129059,0.9995771743368872,0.9994420981729719,6.825986809961704e-05,0.9993167001658302,0.9995045161653687,0.00010754759175020555,8.323246486599019e-05,9.708066651614721e-06,0.0002604741710569125,0.00010754759175020555,8.323246486599019e-05,9.708066651614721e-06,0.0002604741710569125
header,high_density,random,0.05,5,120014.4,28.8,120000.0,120072.0,4.0,0.0,4.0,4.0,0.008605252998201078,0.002288702552185843,0.006088749999999999,0.011328749999999999,0.004206411303218069,0.001677647215030604,0.0018183333333333333,0.0059837499999999995,0.0019271868878672795,0.0008275944612185116,0.0005259344393363982,0.002825833333333333,0.01897879658384461,0.007422070774754979,0.008298786749324917,0.02683396240517209,0.0024721216487284805,0.001061094037974334,0.0006764501097959402,0.003618726455867758,0.01551293708756002,0.0020864118652221416,0.01290004011109519,0.018229742770436975,0.0032222040700417023,0.00503361091731409,-0.005148870091865925,0.008625479212188526,-0.008339733083848996,0.0016496626189665654,-0.011122614643796647,-0.005958174037846411,0.999549645764722,2.7144899385198193e-05,0.9995094323129059,0.9995771743368872,0.999105960957368,0.00014959199632598257,0.9988323659073425,0.9992484180144581,0.00044368480735414655,0.00014562354964965934,0.0002610142984477926,0.0006932916209656303,0.00044368480735414655,0.00014562354964965934,0.0002610142984477926,0.0006932916209656303
header,high_density,random,0.1,5,120014.4,28.8,120000.0,120072.0,8.0,0.0,8.0,8.0,0.020833652491838228,0.0019704817040686593,0.017418749999999997,0.023144583333333333,0.011901685305483379,0.002574847448363569,0.007150833333333334,0.014428009860750218,0.0049757240322473185,0.0025466853450064222,0.0023275,0.009792916666666669,0.053987549626552986,0.01191682157235041,0.03209410180648539,0.06484260957442828,0.00638651463309426,0.0032789821617995375,0.002995463369118735,0.012600388149641336,0.0291153012487832,0.0019177390531850587,0.026891892225895712,0.03246175175345525,0.006086138492303857,0.00679334888677558,-0.006868346156236084,0.013034861069462259,-0.013592564026706241,0.0025714857131495287,-0.018203051576729558,-0.011254361072249924,0.999549645764722,2.7144899385198193e-05,0.9995094323129059,0.9995771743368872,0.9986129397068598,0.0002491298714649306,0.9982517996884608,0.9989850120753913,0.0009367060578621301,0.00023328743274808692,0.0005774299579518472,0.0012738578398473644,0.0009367060578621301,0.00023328743274808692,0.0005774299579518472,0.0012738578398473644
header,low_density,important,0.01,5,120000.2,0.4,120000.0,120001.0,1.0,0.0,1.0,1.0,0.06599989726474502,0.003411517419968175,0.061641152990391745,0.070075,0.04408659980611272,0.003292992189080667,0.040116332363896966,0.04758333333333333,8.999993055613425e-05,6.798697621712952e-05,3.3333333333333335e-05,0.00020833333333333335,0.10258534828636248,0.006609871952714678,0.09364301276065982,0.11041070461752649,0.00015817525366871712,0.0001195182424924917,5.8578876457149553e-05,0.0003644899327880564,0.06904365557267926,0.003285524224490382,0.064316996550614,0.07311932956585857,0.06882179120623337,0.0033386865119048033,0.06420780007753006,0.07303370401011601,-0.037760068917784356,0.0023162987242202715,-0.040652594177218476,-0.03392494595714651,0.9534822033776644,0.0011346008050024104,0.9517044025826116,0.9546535230929052,0.9359457263848896,0.0021373004484505106,0.9318638806116946,0.938156259163154,0.017536476992774674,0.0015861770855979162,0.01565970473053091,0.019840521970917013,0.017536476992774674,0.0015861770855979162,0.01565970473053091,0.019840521970917013
header,low_density,important,0.05,5,120000.2,0.4,120000.0,120001.0,4.0,0.0,4.0,4.0,0.25471944465740565,0.04064472335390426,0.21700833333333333,0.3332055566203615,0.17274457586464556,0.04331394037896198,0.1347,0.2544812126565612,0.01553165826395891,0.00960198438172386,0.005041624653127891,0.030983333333333335,0.40248196433210237,0.10178212287696418,0.3063858824421404,0.5940320572673514,0.027188208124737656,0.01664835754095112,0.008820141996996779,0.05342184289552711,0.22135648095530427,0.028130057789238997,0.19768386030806698,0.2763397976028309,0.16903916561747498,0.044014762579307636,0.12448742871906009,0.25013293866359143,-0.06220605593664469,0.01845761691731429,-0.08346256335179184,-0.028303317711817957,0.9534822033776644,0.0011346008050024104,0.9517044025826116,0.9546535230929052,0.8707513434832101,0.012436839628524845,0.8470282956477257,0.8834801988128737,0.08273085989445417,0.01199441468986565,0.07107523331566867,0.1056533995428518,0.08273085989445417,0.01199441468986565,0.07107523331566867,0.1056533995428518
header,low_density,important,0.1,5,120000.2,0.4,120000.0,120001.0,8.0,0.0,8.0,8.0,0.32827277728241155,0.026851878608680876,0.294525,0.3637416666666667,0.18502626123948968,0.09298637229861711,0.05096666666666667,0.2705666666666667,0.07987997080579884,0.0813456608975203,0.01105,0.20130833333333334,0.42840588261174906,0.21282541235540042,0.12134198361208658,0.615670198777941,0.13885764805627887,0.14070281517671038,0.019418897545545075,0.34709829446671553,0.28384254847056584,0.01690483638136324,0.26183541034015445,0.3025666265510099,0.10873548142902775,0.13846259309967748,-0.07629125568190341,0.23991971505681237,-0.09349557610133478,0.04067799495945654,-0.14974562038984446,-0.040494234777980115,0.9534822033776644,0.0011346008050024104,0.9517044025826116,0.9546535230929052,0.7786870997373991,0.007570041623394774,0.7651806014444136,0.7865468325872755,0.17479510364026507,0.008005094282404299,0.16777341213751196,0.1894729216484916,0.17479510364026507,0.008005094282404299,0.16777341213751196,0.1894729216484916
header,low_density,random,0.01,5,120000.2,0.4,120000.0,120001.0,1.0,0.0,1.0,1.0,0.023378389494670877,0.009707686827807016,0.016303197473354396,0.04228833333333333,0.009006072832031954,0.0021489766908303633,0.006300780826826442,0.01210625,0.005433909974361324,0.004709166165295138,0.0015091666666666667,0.01466875,0.021005824803131887,0.0051941635369701965,0.014707827575474636,0.028822689125647283,0.009447654784693702,0.008081932803434867,0.0026932171378433443,0.025292038449933184,0.023202408970304327,0.008970208599635278,0.016649661652225475,0.04058509339674386,0.007710821834779298,0.0042903000258808915,0.002832296889225814,0.013766286259879485,-0.002142417811919168,0.0014244498531658242,-0.003950577522790733,3.3380060381462765e-05,0.9534822033776644,0.0011346008050025056,0.9517044025826114,0.9546535230929051,0.9507715262376182,0.0013071958068176042,0.9488432501463524,0.9524218800798195,0.0027106771400460805,0.001406728021736491,0.0006220034241985195,0.00497271374733253,0.0027106771400460805,0.001406728021736491,0.0006220034241985195,0.00497271374733253
header,low_density,random,0.05,5,120000.2,0.4,120000.0,120001.0,4.0,0.0,4.0,4.0,0.0691338859974778,0.0066203109214422245,0.06278333333333334,0.08172541666666666,0.030324770476218253,0.006604133581802686,0.020540000000000003,0.03771426904775794,0.01415898961883651,0.0072505710913606395,0.0048354166666666675,0.022817916666666667,0.07047355510869345,0.014859406512553033,0.04890185108029284,0.08803590880796763,0.024824110313138366,0.012730331856524307,0.008497598266065257,0.03992112437854466,0.06617715940920757,0.006715450576663919,0.05738150402456067,0.07796651165561848,0.028322880831068487,0.016991495335163823,0.004702114593410454,0.046660950874509124,-0.007269378873436466,0.002385625506054084,-0.010497025506159757,-0.004143200133880352,0.9534822033776644,0.0011346008050025056,0.9517044025826114,0.9546535230929051,0.9438212556513325,0.002340427795761031,0.9395672935920409,0.9462912275622359,0.00966094772633204,0.0018978222084175692,0.0075247363314490945,0.013114401598536763,0.00966094772633204,0.0018978222084175692,0.0075247363314490945,0.013114401598536763
header,low_density,random,0.1,5,120000.2,0.4,120000.0,120001.0,8.0,0.0,8.0,8.0,0.11811540854520657,0.011980878261487304,0.10487287605936617,0.13849666666666666,0.055755609600475556,0.012242190560384305,0.03423971466904442,0.06863875,0.0258683488158432,0.009576348324139585,0.01246125,0.040710494079216,0.12974167530490277,0.02806981085510471,0.07992530345471523,0.16021182237264397,0.045248325280776144,0.016624298545525374,0.022238002468658445,0.0712215532197163,0.11199065296476096,0.010312723502087475,0.09963835212600496,0.12996013392289413,0.050879021086786734,0.023513610796054366,0.007493291953641052,0.0775023198816841,-0.008156926150106684,0.0053647827891724975,-0.01502515206365343,0.0008907428787672212,0.9534822033776644,0.0011346008050025056,0.9517044025826114,0.9546535230929051,0.9338172748874605,0.002334684623853226,0.9316805547317019,0.9382889093281271,0.01966492849020384,0.001856814846774164,0.016266522800415135,0.021964023150465382,0.01966492849020384,0.001856814846774164,0.016266522800415135,0.021964023150465382
header,mid_density,important,0.01,5,239985.4,28.70261312145638,239928.0,240000.0,1.0,0.0,1.0,1.0,0.048928209490158275,0.002836984135159541,0.04414601727507198,0.052878363509052714,0.0388917808626567,0.0029376645053316125,0.0341043087679532,0.04309626221199693,3.666767738346676e-05,3.947521781874557e-05,4.166666666666667e-06,0.0001125,0.05762491807366079,0.004339418208413942,0.050569954588983966,0.06399821745777294,0.00011292643833037832,0.0001225399470508267,1.3038489621362261e-05,0.0003489724699495929,0.05912199554914249,0.0036135813548338887,0.054967571806135825,0.06353847239833026,0.059063003951131586,0.0035847090183029275,0.05495927809279673,0.06351441037458554,-0.041089385497647186,0.0029916010566547573,-0.045147351398270565,-0.03651954930665427,0.9726031602783364,0.0010971229504171314,0.971520512028154,0.9745917084693119,0.9566157010031278,0.0018300794954922764,0.9545711094400844,0.9594810842016521,0.015987459275208706,0.0013108214696731272,0.014584009764543548,0.018071131152596287,0.015987459275208706,0.0013108214696731272,0.014584009764543548,0.018071131152596287
header,mid_density,important,0.05,5,239985.4,28.70261312145638,239928.0,240000.0,4.0,0.0,4.0,4.0,0.2563023338156427,0.06920587192058676,0.20690416666666667,0.39065579439914333,0.20207017865665958,0.06487927543475804,0.15732916666666666,0.32842220175917397,0.009415476770577887,0.00434802863384496,0.0037541823090929544,0.0154625,0.29939815479173715,0.09618086285566775,0.2352820218838015,0.486985264588675,0.02893413501446515,0.013255477022817052,0.011529995904995906,0.0466698526082801,0.27245229162349005,0.030398105779921303,0.2489769722560293,0.3324626609534444,0.23629978542308683,0.04231614681961943,0.19949722617422452,0.31639575733863123,-0.15765372528806745,0.026416557147384404,-0.1851314983172611,-0.10744925280713505,0.9726031602783364,0.0010971229504171314,0.971520512028154,0.9745917084693119,0.892356619003271,0.008426444435313329,0.8798016463732402,0.9041331290064835,0.08024654127506523,0.00898404405812703,0.06738738302167058,0.09244486731034285,0.08024654127506523,0.00898404405812703,0.06738738302167058,0.09244486731034285
header,mid_density,important,0.1,5,239985.4,28.70261312145638,239928.0,240000.0,8.0,0.0,8.0,8.0,0.33266309475029654,0.1075032519478836,0.1838125,0.4627096462272015,0.23497223191527666,0.14273296332412563,0.034166666666666665,0.39376396252208995,0.05081536211985822,0.05179985504665817,0.005885098862992231,0.12479166666666666,0.34919129265627885,0.21262035165711266,0.050213099495419584,0.5847419336869534,0.15802540642799323,0.16188178621255744,0.018019167698217226,0.39050276415979973,0.3209476986341607,0.07186846299791261,0.23510340224891818,0.41080951248586167,0.21952438453831774,0.14773855302132796,0.033969362628163004,0.38145731444917236,-0.1456948518556918,0.0200761372361349,-0.16760949182155857,-0.11516044984343476,0.9726031602783364,0.0010971229504171314,0.971520512028154,0.9745917084693119,0.8244866443797868,0.019407299768040082,0.7873493351747849,0.8406043779601999,0.1481165158985496,0.01876688213400216,0.13164213572338312,0.18417117685336915,0.1481165158985496,0.01876688213400216,0.13164213572338312,0.18417117685336915
header,mid_density,random,0.01,5,239985.4,28.70261312145638,239928.0,240000.0,1.0,0.0,1.0,1.0,0.017351882755775063,0.005857113128748976,0.012772969887374534,0.028262916666666665,0.007699992730517938,0.0020741884352101364,0.005390855795232481,0.01067,0.0029086096624068485,0.002363652225258305,0.0008787499999999999,0.007541666666666666,0.011403644156835747,0.003042561276533982,0.007993574495690587,0.015681183559496402,0.009021276757836103,0.0074363394561950645,0.0026522963931787315,0.02359966621466569,0.018455826963040878,0.006795482167327458,0.013152341163009002,0.03120090271823637,0.009068781483151465,0.002615237588906774,0.0055113649316806835,0.01330254421316757,-0.0044893582920673735,0.001172179349715122,-0.006014761482084406,-0.0026588610111760538,0.9726031602783364,0.0010971229504171732,0.9715205120281538,0.9745917084693119,0.9710047984844341,0.0018043113541102262,0.9691562946330979,0.9743306012848503,0.0015983617939023763,0.0007577442472527499,0.0002611071844615731,0.002618205449952932,0.0015983617939023763,0.0007577442472527499,0.0002611071844615731,0.002618205449952932
header,mid_density,random,0.05,5,239985.4,28.70261312145638,239928.0,240000.0,4.0,0.0,4.0,4.0,0.056452405308035816,0.007668555194416038,0.04356145833333333,0.06283801807208829,0.029395019289348855,0.006846838210091513,0.018399583333333334,0.03639619331747216,0.007343540360540221,0.003451404838763179,0.0028389701623756764,0.010373750000000001,0.043601062391329236,0.010303134832830789,0.027040978788027237,0.053968366748015195,0.0226200154322668,0.010673260425246422,0.008719159500409501,0.03217913920124079,0.05695984746686635,0.0068191804131240395,0.04602538758949561,0.0642807532210473,0.03402258253940475,0.014012048490249363,0.018009536212624903,0.05047431853448807,-0.016465837213881014,0.0036261616934733032,-0.02282881608183784,-0.012692839863241125,0.9726031602783364,0.0010971229504171732,0.9715205120281538,0.9745917084693119,0.9665640801093934,0.001851038432309275,0.9636929629020979,0.9694660390796574,0.006039080168943017,0.0014706234132502711,0.004804501853424315,0.008553550781485241,0.006039080168943017,0.0014706234132502711,0.004804501853424315,0.008553550781485241
header,mid_density,random,0.1,5,239985.4,28.70261312145638,239928.0,240000.0,8.0,0.0,8.0,8.0,0.10513589538721853,0.015586428732005704,0.0801763757348989,0.1294304166666667,0.06224412992105447,0.015104607800630937,0.03466889445372688,0.08018666666666667,0.013261719471045241,0.004154266598410627,0.006496874999999999,0.019031954299809584,0.09221538743354882,0.022324961855732725,0.0514071236600661,0.1183348705650864,0.04089182259660246,0.01294735338586698,0.019609261029226825,0.05845170454545455,0.10165969072703074,0.013542241933915879,0.07754594113948776,0.11960216589836466,0.06615893526494893,0.020551155881795517,0.026548271753656615,0.08234488769422499,-0.0235521053841962,0.003764187341553146,-0.028105228300656614,-0.018398891361582025,0.9726031602783364,0.0010971229504171732,0.9715205120281538,0.9745917084693119,0.9607068404346565,0.001126314448217451,0.9589936097252088,0.9619550033159625,0.011896319843679792,0.0007617626522889238,0.010927563811619601,0.012798688579405276,0.011896319843679792,0.0007617626522889238,0.010927563811619601,0.012798688579405276
imports,high_density,important,0.01,5,180029.0,6687.566104346184,172507.0,192467.0,13.0,0.0,13.0,13.0,0.04095640084898732,0.012877144287075532,0.023588459320299064,0.05563241216962503,0.017660563722552418,0.005777259492688086,0.008755433781800527,0.02367828321128227,0.006025323836653686,0.004053280836076965,0.0,0.011439540632690301,0.03425289235680359,0.011243408077905082,0.01655604680855554,0.0466464502318944,0.012608698892044079,0.008630934804693463,0.0,0.024279318757846367,0.03455271253721089,0.005415306738498514,0.027591017677630007,0.04322220563961036,0.004550936527778793,0.010334733816337847,-0.009585019924632215,0.02075784088767432,-0.021200811469709514,0.011773755584761326,-0.03409840741521349,-0.002929805413758681,0.8505265249725813,0.008093118358348474,0.8365095717301441,0.8597551361603645,0.8446467037669917,0.008845330865081,0.8289134955582916,0.8551064511826871,0.005879821205589497,0.0052885129890468474,-0.0014843046067846144,0.013929997798382887,0.005879821205589497,0.0052885129890468474,-0.0014843046067846144,0.013929997798382887
imports,high_density,important,0.05,5,180029.0,6687.566104346184,172507.0,192467.0,65.0,0.0,65.0,65.0,0.07372688639253906,0.02721025303191558,0.04623855053384356,0.12404714011605326,0.000937371167064309,0.001404023556602529,0.0,0.0036214000322133144,0.06857109207570274,0.02705489200445296,0.042612653821695136,0.11776913400615627,0.0018600129005873598,0.0028108317147402216,0.0,0.007253540914341614,0.14255854237149213,0.05836267667897833,0.08889069900043055,0.24801923992528657,0.10794821287796368,0.012098490573749867,0.08963618293325323,0.1264955435658615,-0.09271274306353419,0.01849049180700875,-0.1100943540448134,-0.05743872133016097,-0.08306201910047294,0.013588255916942267,-0.10793831162385731,-0.06966668870148361,0.8505265249725813,0.008093118358348474,0.8365095717301441,0.8597551361603645,0.7780886232984187,0.03269372522263894,0.7341617072142549,0.8170037474926418,0.07243790167416282,0.026091121463216963,0.042751388667722656,0.10409020496689836,0.07243790167416282,0.026091121463216963,0.042751388667722656,0.10409020496689836
imports,high_density,important,0.1,5,180029.0,6687.566104346184,172507.0,192467.0,129.0,0.0,129.0,129.0,0.10385544124057118,0.03148089745210291,0.06706235426684369,0.1517387700209267,0.005651877984277824,0.011303755968555646,0.0,0.02825938992138912,0.09185686564130088,0.02760303798842044,0.06479756339740944,0.14508976447332572,0.01132051909127806,0.022641038182556122,0.0,0.0566025954563903,0.19041337572538924,0.05940597070563845,0.13516878643657562,0.3055558946687339,0.12519196397370824,0.009152414147974125,0.10999124912353464,0.13824063986897503,-0.10280121325886256,0.016097287730849473,-0.12104845351267003,-0.08112204334685018,-0.09745475167729209,0.011118979117159387,-0.11321716224321617,-0.08516950558356318,0.8505265249725813,0.008093118358348474,0.8365095717301441,0.8597551361603645,0.7763011502852611,0.030141462085963425,0.7388683396730654,0.8123938087456333,0.0742253746873202,0.02441150328992006,0.0473613274147312,0.10984056573771694,0.0742253746873202,0.02441150328992006,0.0473613274147312,0.10984056573771694
imports,high_density,random,0.01,5,180029.0,6687.566104346184,172507.0,192467.0,13.0,0.0,13.0,13.0,0.0017495613568165335,0.0017244024437822834,5.149913413543707e-05,0.005060348007710413,0.0008197704719372213,0.0011374936331652887,0.0,0.0030381831690627485,0.0002747189372957124,0.0002810376723683884,3.543467464272361e-05,0.0007324340461546487,0.0016205685321433697,0.002282992768532242,0.0,0.006085377402670384,0.0005742727810148839,0.0005922383571871198,7.520667029869484e-05,0.0015424902030202775,0.001977764615664933,0.0011152274289263694,0.001154066629608144,0.004187504936497411,0.00042417623479496566,0.001209355333800624,-0.0006988359363701161,0.0027173623320316132,-0.0009025559485057432,0.0005146783347050831,-0.0018533224014806622,-0.0003411952412458585,0.8505265249725813,0.008093118358348488,0.836509571730144,0.8597551361603644,0.8495400081907963,0.007844870861647962,0.8367966812321793,0.8597221644336516,0.0009865167817851661,0.0013638471799310356,-0.0002871095020352543,0.002903188941829099,0.0009865167817851661,0.0013638471799310356,-0.0002871095020352543,0.002903188941829099
imports,high_density,random,0.05,5,180029.0,6687.566104346184,172507.0,192467.0,65.0,0.0,65.0,65.0,0.00605608155245105,0.0032592871615818747,0.0025813595439179767,0.011725386689666282,0.0022528689616641987,0.0026288302885497127,0.00010318421861141869,0.007368535904856417,0.0014058601145864207,0.0009830089127933115,0.00041929265796214417,0.0032297240111995454,0.00445529626064348,0.00528458852163422,0.00019648100315694194,0.014758926434317471,0.002936755694804142,0.002087071002175906,0.0008373453971943223,0.006801728663337931,0.006015881575560942,0.0022315258210901375,0.004296694134678253,0.01030658524975556,0.0013040769389709725,0.0024361360122410855,-0.0007284735096332333,0.0059338269858131626,-0.003038868941587531,0.000998969616973758,-0.00477524641838138,-0.001944658436034697,0.8505265249725813,0.008093118358348488,0.836509571730144,0.8597551361603644,0.8485588169373776,0.007701070540820391,0.8359197740701415,0.8599902804761562,0.0019677080352039312,0.0026704425818772377,-0.00023514431579183537,0.0071679706051511975,0.0019677080352039312,0.0026704425818772377,-0.00023514431579183537,0.0071679706051511975
imports,high_density,random,0.1,5,180029.0,6687.566104346184,172507.0,192467.0,129.0,0.0,129.0,129.0,0.00970445971584955,0.00308545222613652,0.005787210067720594,0.014446080448909321,0.0026075424962496395,0.0012526888356529681,0.0011912560070026143,0.0046137620463943116,0.003882482153366627,0.0036422602571924497,0.0009479547143146618,0.010895210049447268,0.005055358579354692,0.00239929975163715,0.002268362143188291,0.00872437189376273,0.008112173654253875,0.007697069340446258,0.0018931061675105834,0.022945075873182518,0.010799009311719095,0.001812029819228443,0.007356127853169625,0.012458729518867707,-0.0008929887648567111,0.0034492755896715745,-0.006133282352696642,0.0033028677360091505,-0.006849031645339785,0.0014112409122502276,-0.008171226445201902,-0.005086081386624093,0.8505265249725813,0.008093118358348488,0.836509571730144,0.8597551361603644,0.8469241431345619,0.009790939989664422,0.8328477305926631,0.8602088683493404,0.003602381838019407,0.003166627697635925,-0.0004537321889761803,0.009246344128225508,0.003602381838019407,0.003166627697635925,-0.0004537321889761803,0.009246344128225508
imports,low_density,important,0.01,5,120004.2,6.49307323229917,120000.0,120017.0,13.0,0.0,13.0,13.0,0.14511594801204478,0.028147255753604616,0.10842630627327796,0.18123333333333333,0.0756020747647582,0.03560561923419813,0.024704833481923393,0.11395833333333333,0.02694004254609051,0.016730555182150296,0.010116666666666666,0.05242590632993659,0.10387883195222795,0.048887745363339424,0.03398709292862137,0.15703409391040732,0.09868506348155118,0.06101300129877903,0.036880639183400676,0.191958020623589,0.13765599315446647,0.020043255996364175,0.11343425041313354,0.162385101364057,0.07893047224435452,0.05137193174438969,0.007857546813550942,0.13537334312113036,-0.07323910824958893,0.013634069884847316,-0.08497371180947605,-0.05460044254462937,0.9137174318632603,0.0026364830347071194,0.9101494346463266,0.9168748058724117,0.8553183356145284,0.00768397509420028,0.8459695051691581,0.8679982348409604,0.05839909624873192,0.007039072060227748,0.048482258438383496,0.06566228248671502,0.05839909624873192,0.007039072060227748,0.048482258438383496,0.06566228248671502
imports,low_density,important,0.05,5,120004.2,6.49307323229917,120000.0,120017.0,65.0,0.0,65.0,65.0,0.16514462951269382,0.008913778341252109,0.14957880966863027,0.17634019716502364,0.008152819260787737,0.00442020819125626,0.004008333333333333,0.016222701783913947,0.11604170756425533,0.015119141144184523,0.08807918878158927,0.13142390480079333,0.011203919137760844,0.0060769670168390535,0.005523466118530597,0.022317999977074475,0.42571855489273525,0.05473277543607272,0.3225028982854354,0.4788377459315035,0.13946007633785942,0.0037226505199502904,0.13530173554681021,0.1452739097467689,-0.042896353556972126,0.020786366687481295,-0.06444711086536571,-0.005874435071323833,-0.04852521180044415,0.013226331691873261,-0.07164396307912098,-0.03759956682170491,0.9137174318632603,0.0026364830347071194,0.9101494346463266,0.9168748058724117,0.8372692493608251,0.008832903355932824,0.8273350252298475,0.8514147690458737,0.07644818250243508,0.00822937751802304,0.06203586881647272,0.08429676242602568,0.07644818250243508,0.00822937751802304,0.06203586881647272,0.08429676242602568
imports,low_density,important,0.1,5,120004.2,6.49307323229917,120000.0,120017.0,129.0,0.0,129.0,129.0,0.19149510903119588,0.010442976451230308,0.1746,0.2014649877917684,0.007322884254134895,0.004684486420205214,0.00155,0.014739578559704042,0.1404688524019599,0.01327346065465459,0.12255763766799703,0.15375833333333333,0.010077575730338375,0.006451942703395311,0.0021254713747000343,0.02027762812503582,0.5156407533105758,0.05101425754468718,0.4487461101958631,0.5678978147122191,0.15575573975405682,0.00296031692762338,0.15184726966585055,0.160597824324957,-0.03574049395796467,0.018587026346871177,-0.05701114756081326,-0.004518528247574359,-0.06431066423367204,0.015765130296041062,-0.08919777494759602,-0.04514382862479362,0.9137174318632603,0.0026364830347071194,0.9101494346463266,0.9168748058724117,0.8232521076232798,0.008172967249164465,0.814902071657039,0.8340398484271176,0.09046532423998058,0.0071949495323338514,0.07941078943522872,0.09739714423435542,0.09046532423998058,0.0071949495323338514,0.07941078943522872,0.09739714423435542
imports,low_density,random,0.01,5,120004.2,6.49307323229917,120000.0,120017.0,13.0,0.0,13.0,13.0,0.010561910086028022,0.003183829157315198,0.006999825004374889,0.01616937600506595,0.003292947159664024,0.0021876965188327947,0.0011716373757322733,0.007378954648091522,0.0026993524737284886,0.000980929995410815,0.0016549862084482628,0.00428375,0.004527990127584144,0.0030098866969845233,0.0016051144471716423,0.01015142310205298,0.009907068286446384,0.0035871094504996677,0.006029876123390819,0.015616550718473737,0.009687954990612827,0.0028438448104635334,0.006354685877210041,0.0144511465194472,0.002182017337557239,0.004154424513974626,-0.0019101927391046354,0.009764049905642513,-0.001735832948810734,0.0012640449621269686,-0.004117962679134319,-0.0005446579019742492,0.9137174318632603,0.002636483034707082,0.9101494346463266,0.9168748058724117,0.9124649954109303,0.002605413694323797,0.9095975579301573,0.9160128610542986,0.0012524364523300547,0.0004619801999703005,0.000551876716169325,0.001749985482906008,0.0012524364523300547,0.0004619801999703005,0.000551876716169325,0.001749985482906008
imports,low_density,random,0.05,5,120004.2,6.49307323229917,120000.0,120017.0,65.0,0.0,65.0,65.0,0.028577967118644305,0.0062855884947301665,0.022442772264026734,0.039845605205929155,0.009712609218615876,0.004273835789247548,0.006770664066731666,0.018070773307114825,0.007143710610245329,0.0010656830252547527,0.005598790171392386,0.008710833333333333,0.01335523918444723,0.005885820430165833,0.009275643586962725,0.024860440857873197,0.02619989286155555,0.0038106008286229,0.02050003050826774,0.03175562779111098,0.026865264353483697,0.0049298216445081205,0.02224631567873611,0.0356429919084066,0.008086239693808244,0.006525692804843606,0.003010878390889004,0.020723181068165834,-0.007432600757260588,0.002008442442291275,-0.010644454525542892,-0.005527964217745733,0.9137174318632603,0.002636483034707082,0.9101494346463266,0.9168748058724117,0.9091213156804525,0.0023350783333532742,0.9060149693120151,0.9126239444976052,0.004596116182807923,0.0006171810620217822,0.0041344653343115875,0.005757473601503899,0.004596116182807923,0.0006171810620217822,0.0041344653343115875,0.005757473601503899
imports,low_density,random,0.1,5,120004.2,6.49307323229917,120000.0,120017.0,129.0,0.0,129.0,129.0,0.043502237040365696,0.00453262781963135,0.03560916666666666,0.0494537545520454,0.011728769795418195,0.002652769501440525,0.00970934059981834,0.016886525945617122,0.015388944907094606,0.002618098730663771,0.011704166666666667,0.019665341699790836,0.01612930856823247,0.0036797770361825135,0.01330155830812261,0.023274564980187217,0.056481650326483515,0.009763239520068603,0.043228685749461364,0.07281843989138484,0.040928691965822814,0.0034441469281914204,0.035467835986317656,0.04451902811770042,0.0038837461594876097,0.003737098126472512,-0.002326738225703067,0.009192518288280816,-0.010978983984880656,0.0010313749462316384,-0.012188532707847859,-0.009130066475230411,0.9137174318632603,0.002636483034707082,0.9101494346463266,0.9168748058724117,0.9045844876037341,0.003379317587494579,0.898424136564274,0.9075347023355823,0.00913294425952626,0.001439782185615111,0.007699544642657957,0.011725298082052731,0.00913294425952626,0.001439782185615111,0.007699544642657957,0.011725298082052731
imports,mid_density,important,0.01,5,179966.8,6693.190880290207,167516.0,187490.0,13.0,0.0,13.0,13.0,0.13027742485737764,0.024277869436237814,0.09431337902051147,0.16350423899878885,0.0629724808841805,0.032227263610830746,0.018792234771603907,0.10692424358149025,0.03197330691505742,0.013563755560355396,0.0162358563650449,0.05022803791876597,0.1887414364712723,0.09415803109087634,0.055549673548614786,0.31000775058920294,0.04781846392499776,0.02022353522007681,0.02478409687117433,0.07590711437489851,0.13393384233634947,0.007977502283848612,0.1219427949460534,0.14450082453839075,0.005273401258875511,0.04593196441550212,-0.05996709297611177,0.06154713495579667,-0.07718890626796442,0.007974191909232944,-0.08527186910234025,-0.06356977343191449,0.9656501577890285,0.00224753761739064,0.9621419021050772,0.9681384034832163,0.9229608417547521,0.007950839418713327,0.9092239647330003,0.9309198771031046,0.042689316034276434,0.007023712598838436,0.03445310831920256,0.0553660220250316,0.042689316034276434,0.007023712598838436,0.03445310831920256,0.0553660220250316
imports,mid_density,important,0.05,5,179966.8,6693.190880290207,167516.0,187490.0,65.0,0.0,65.0,65.0,0.2802431236123989,0.055661367272245715,0.22640822369206523,0.3764427279869864,0.003763480353255348,0.0017324386095541166,0.0014566443714606814,0.006047183552615869,0.24896614868968733,0.053320179412879566,0.19229207956254926,0.34049487091526776,0.011357154124757643,0.0052004013666866,0.0042232802391610385,0.01787541909299453,0.3725651523088239,0.07778437850651282,0.2906013748804648,0.5061896967254242,0.259708455808182,0.029018685189513383,0.2203688129534756,0.29499074791750174,-0.20172036759859507,0.033983581280412976,-0.2404062597773653,-0.14785284501378712,-0.1570333488681404,0.009784494549296944,-0.1660734471933615,-0.1403099035452632,0.9656501577890285,0.00224753761739064,0.9621419021050772,0.9681384034832163,0.8924907069743611,0.026625495629030126,0.856221130540385,0.9294298769473636,0.07315945081466746,0.024763671366317044,0.03870852653585277,0.10836885621764691,0.07315945081466746,0.024763671366317044,0.03870852653585277,0.10836885621764691
imports,mid_density,important,0.1,5,179966.8,6693.190880290207,167516.0,187490.0,129.0,0.0,129.0,129.0,0.3599149776815561,0.05339649692910371,0.30109339164755455,0.4519957506611927,0.0026646410878699493,0.00235370119740507,0.0007787081977705478,0.007169464409369851,0.32460203915363234,0.053327834324509514,0.2761427276121393,0.42116591233525513,0.007939193603232425,0.006922782306276138,0.0023620391192506187,0.02119287100758779,0.4857510475531452,0.07648178713717348,0.4119542644355859,0.6261176412525807,0.29794339072790477,0.020543542095967725,0.27580586821005665,0.33649156049369944,-0.2208901314254832,0.026634515296819105,-0.2666524334267972,-0.18720285604395973,-0.1829315549141668,0.004339854418963122,-0.1874013959386483,-0.17486565568475707,0.9656501577890285,0.00224753761739064,0.9621419021050772,0.9681384034832163,0.8704152305783225,0.013961392022085427,0.8515172134350723,0.8836813072230558,0.09523492721070607,0.012352162536146996,0.08192004452427626,0.11307277332295962,0.09523492721070607,0.012352162536146996,0.08192004452427626,0.11307277332295962
imports,mid_density,random,0.01,5,179966.8,6693.190880290207,167516.0,187490.0,13.0,0.0,13.0,13.0,0.007953639943429786,0.0037019588522883224,0.00457384393834338,0.014948422837221517,0.0021609680596267633,0.0013716923885303258,0.0005258947143847671,0.004642541607965806,0.002450158406933382,0.000714097860034709,0.0010932210889621455,0.003171611255987517,0.0064691063835803034,0.004037601296905066,0.0015951853230007605,0.013723310393506266,0.0036817787347019704,0.0011011122037837197,0.0016117589496860475,0.004841476719105241,0.0076103022143719804,0.0021574614462291906,0.005426549709481254,0.011255567408465554,0.00010007093307320614,0.002302155132510421,-0.002288457835970344,0.0041510507644355555,-0.0025454131454783007,0.000360268413464906,-0.0028509731593805926,-0.0019021937884060012,0.9656501577890285,0.002247537617390564,0.9621419021050773,0.9681384034832163,0.9648101074877532,0.002318358961849279,0.9615420883124596,0.9676743062164717,0.0008400503012752903,0.0003379969848788117,0.0003332049600385578,0.0012888683234620446,0.0008400503012752903,0.0003379969848788117,0.0003332049600385578,0.0012888683234620446
imports,mid_density,random,0.05,5,179966.8,6693.190880290207,167516.0,187490.0,65.0,0.0,65.0,65.0,0.023052144619623172,0.007040945793410507,0.016997173182569734,0.03666903459968003,0.006871124416331291,0.0028146974305628767,0.004467438263374047,0.012116454547625301,0.007121677180252051,0.0011409466889058166,0.005223290338281821,0.008668127223668186,0.02055483096595496,0.00809337686083545,0.013550986070440535,0.03581612846303159,0.010679911857979847,0.0017703313785075248,0.0077008073065318455,0.013099705898273278,0.02300903799627496,0.0039126922108589845,0.01846821552534176,0.029639918731241575,0.0008134556475260927,0.0028434930727598813,-0.0017339390559254098,0.006217719404444584,-0.01019095159821202,0.0010467018459183498,-0.012021574418888462,-0.009267314358888532,0.9656501577890285,0.002247537617390564,0.9621419021050773,0.9681384034832163,0.9625964223506346,0.0023718977727347312,0.9595115356558275,0.9653841141716732,0.0030537354383939974,0.0004762638295162736,0.002630366449249716,0.0037793629796035954,0.0030537354383939974,0.0004762638295162736,0.002630366449249716,0.0037793629796035954
imports,mid_density,random,0.1,5,179966.8,6693.190880290207,167516.0,187490.0,129.0,0.0,129.0,129.0,0.039940559147578276,0.004276761179080597,0.03446418493476601,0.04721122148720105,0.009339327301643763,0.0022079147924056,0.006672622539868793,0.013123631053784373,0.01779289688212036,0.0038026429748991724,0.012615046793070645,0.02402608139100752,0.028161803138350826,0.007014427438241452,0.02023992493245539,0.04079187154007496,0.02667184623697419,0.005737630947426739,0.018598630025279297,0.03584250352087461,0.041415938193698244,0.002004613535025049,0.03868761768171596,0.04489819356287585,-0.009194342993025923,0.004349196272906527,-0.01641188313698806,-0.0028967070168700922,-0.020993356727120376,0.0019564487723450564,-0.02418166058884156,-0.018422010503363364,0.9656501577890285,0.002247537617390564,0.9621419021050773,0.9681384034832163,0.9588186220977117,0.0025134757374487963,0.9553461516296089,0.9623890332557611,0.006831535691316756,0.0007394575305834841,0.00574937022745513,0.0077554545175407994,0.006831535691316756,0.0007394575305834841,0.00574937022745513,0.0077554545175407994
